<?xml version="1.0" encoding="UTF-8"?>
<gpx xmlns="http://www.topografix.com/GPX/1/1" xmlns:xsi="http://www.w3.org/2001/XMLSchema-instance" xsi:schemaLocation="http://www.topografix.com/GPX/1/1 http://www.topografix.com/GPX/1/1/gpx.xsd" version="1.1" creator="gpx.py -- https://github.com/tkrajina/gpxpy">
  <trk>
    <name>loop_15000m_001</name>
    <trkseg>
      <trkpt lat="1.4221540712174632" lon="103.8635011444793">
        <ele>0.6036098291321796</ele>
      </trkpt>
      <trkpt lat="1.4221413792353652" lon="103.86359011416793">
        <ele>0.6032155388138353</ele>
      </trkpt>
      <trkpt lat="1.4221286872498362" lon="103.86367908385553">
        <ele>0.5991778894014748</ele>
      </trkpt>
      <trkpt lat="1.4221159952608755" lon="103.86376805354207">
        <ele>0.5902619584414629</ele>
      </trkpt>
      <trkpt lat="1.4221033032684838" lon="103.86385702322758">
        <ele>0.5780969587058018</ele>
      </trkpt>
      <trkpt lat="1.422090611272661" lon="103.86394599291202">
        <ele>0.5659319589701407</ele>
      </trkpt>
      <trkpt lat="1.4220779192734077" lon="103.86403496259544">
        <ele>0.5537669592344797</ele>
      </trkpt>
      <trkpt lat="1.4220652272707235" lon="103.8641239322778">
        <ele>0.5487050009979946</ele>
      </trkpt>
      <trkpt lat="1.4220339681920862" lon="103.86420489064584">
        <ele>0.5605033198091315</ele>
      </trkpt>
      <trkpt lat="1.4219772040790715" lon="103.8642748441098">
        <ele>0.5891619156678906</ele>
      </trkpt>
      <trkpt lat="1.4219204399639704" lon="103.86434479757033">
        <ele>0.6282197644065878</ele>
      </trkpt>
      <trkpt lat="1.4218623868213285" lon="103.86441261672891">
        <ele>0.684324672656817</ele>
      </trkpt>
      <trkpt lat="1.4217883654931605" lon="103.86436441162415">
        <ele>0.7571889939389672</ele>
      </trkpt>
      <trkpt lat="1.4217171746492387" lon="103.86430899927724">
        <ele>0.8463411616054879</ele>
      </trkpt>
      <trkpt lat="1.421645211887317" lon="103.86425457725694">
        <ele>0.9355674953753321</ele>
      </trkpt>
      <trkpt lat="1.4215723662196311" lon="103.86420132607547">
        <ele>1.0253254763734725</ele>
      </trkpt>
      <trkpt lat="1.4214987197586268" lon="103.8641491763792">
        <ele>1.1155955665444848</ele>
      </trkpt>
      <trkpt lat="1.4214243478085702" lon="103.86409805586945">
        <ele>1.2063314113151067</ele>
      </trkpt>
      <trkpt lat="1.42134926579927" lon="103.86404797123011">
        <ele>1.297491043305912</ele>
      </trkpt>
      <trkpt lat="1.4212735469937159" lon="103.86399883867122">
        <ele>1.389129459867532</ele>
      </trkpt>
      <trkpt lat="1.4211967699003416" lon="103.86395135824002">
        <ele>1.4811276546119538</ele>
      </trkpt>
      <trkpt lat="1.4211197221415304" lon="103.8639043067921">
        <ele>1.5697389830284088</ele>
      </trkpt>
      <trkpt lat="1.421042163635949" lon="103.86385809374025">
        <ele>1.6547904826652464</ele>
      </trkpt>
      <trkpt lat="1.4209644812720654" lon="103.86381208400405">
        <ele>1.73625615258475</ele>
      </trkpt>
      <trkpt lat="1.4208867989071408" lon="103.86376607427096">
        <ele>1.8177547700317778</ele>
      </trkpt>
      <trkpt lat="1.4208091165411751" lon="103.86372006454098">
        <ele>1.899253387478784</ele>
      </trkpt>
      <trkpt lat="1.4207314341741681" lon="103.86367405481411">
        <ele>1.9807520049258123</ele>
      </trkpt>
      <trkpt lat="1.4206537518061202" lon="103.86362804509035">
        <ele>2.0622506223728183</ele>
      </trkpt>
      <trkpt lat="1.420576069437032" lon="103.8635820353697">
        <ele>2.143749239819825</ele>
      </trkpt>
      <trkpt lat="1.4204983870669035" lon="103.86353602565215">
        <ele>2.225247858408563</ele>
      </trkpt>
      <trkpt lat="1.4204207046914263" lon="103.8634900159449">
        <ele>2.3067464786310112</ele>
      </trkpt>
      <trkpt lat="1.4203430223130535" lon="103.86344400624385">
        <ele>2.3882451004871714</ele>
      </trkpt>
      <trkpt lat="1.420265339933641" lon="103.86339799654593">
        <ele>2.469743709937393</ele>
      </trkpt>
      <trkpt lat="1.4201876576018477" lon="103.86335198676997">
        <ele>2.551242297591596</ele>
      </trkpt>
      <trkpt lat="1.4201099753025852" lon="103.86330597694118">
        <ele>2.6327408856115766</ele>
      </trkpt>
      <trkpt lat="1.4200322929186726" lon="103.86325996725486">
        <ele>2.7142394971149635</ele>
      </trkpt>
      <trkpt lat="1.419954610495165" lon="103.86321395763592">
        <ele>2.795738140999898</ele>
      </trkpt>
      <trkpt lat="1.4198769280706174" lon="103.86316794802008">
        <ele>2.8772367951045617</ele>
      </trkpt>
      <trkpt lat="1.4197992456450317" lon="103.86312193840736">
        <ele>2.9587354492092253</ele>
      </trkpt>
      <trkpt lat="1.4197215632184061" lon="103.86307592879773">
        <ele>3.0402340966537817</ele>
      </trkpt>
      <trkpt lat="1.4196438808158685" lon="103.86302991914933">
        <ele>3.1217327356972966</ele>
      </trkpt>
      <trkpt lat="1.4195661984188608" lon="103.86298390949308">
        <ele>3.2032313663397685</ele>
      </trkpt>
      <trkpt lat="1.4194885160208137" lon="103.86293789983996">
        <ele>3.2847299952412836</ele>
      </trkpt>
      <trkpt lat="1.4194108336217288" lon="103.86289189018993">
        <ele>3.3662286241427988</ele>
      </trkpt>
      <trkpt lat="1.4193331512216056" lon="103.862845880543">
        <ele>3.4477272530443135</ele>
      </trkpt>
      <trkpt lat="1.4192554688204444" lon="103.86279987089918">
        <ele>3.529225881945828</ele>
      </trkpt>
      <trkpt lat="1.419177786418245" lon="103.86275386125847">
        <ele>3.610724510847344</ele>
      </trkpt>
      <trkpt lat="1.419100104015008" lon="103.86270785162087">
        <ele>3.6922231397488576</ele>
      </trkpt>
      <trkpt lat="1.4190224216107332" lon="103.86266184198637">
        <ele>3.7737217756207033</ele>
      </trkpt>
      <trkpt lat="1.4189447391791246" lon="103.86261583239879">
        <ele>3.8552204628612636</ele>
      </trkpt>
      <trkpt lat="1.4188670565789754" lon="103.86256982309354">
        <ele>3.936719201470518</ele>
      </trkpt>
      <trkpt lat="1.4187893739777888" lon="103.8625238137914">
        <ele>4.018284493911813</ele>
      </trkpt>
      <trkpt lat="1.4187114398563208" lon="103.86247822797985">
        <ele>4.100099444873076</ele>
      </trkpt>
      <trkpt lat="1.4186328099820031" lon="103.8624338357501">
        <ele>4.182422940729476</ele>
      </trkpt>
      <trkpt lat="1.4185531847220032" lon="103.86239123487499">
        <ele>4.265255893980625</ele>
      </trkpt>
      <trkpt lat="1.4184732985455877" lon="103.86234911527094">
        <ele>4.348630382585329</ele>
      </trkpt>
      <trkpt lat="1.4183925694029575" lon="103.8623086199315">
        <ele>4.432461573802179</ele>
      </trkpt>
      <trkpt lat="1.4183111502801338" lon="103.86226951046659">
        <ele>4.516839691008756</ele>
      </trkpt>
      <trkpt lat="1.4182290975517007" lon="103.86223173202217">
        <ele>4.601699750676093</ele>
      </trkpt>
      <trkpt lat="1.4181464324859017" lon="103.86219529623747">
        <ele>4.687010209037534</ele>
      </trkpt>
      <trkpt lat="1.418063177712527" lon="103.86216021170713">
        <ele>4.772748310351289</ele>
      </trkpt>
      <trkpt lat="1.4179793553833862" lon="103.8621264881786">
        <ele>4.858891010615886</ele>
      </trkpt>
      <trkpt lat="1.417894987958211" lon="103.86209413456952">
        <ele>4.945415250549032</ele>
      </trkpt>
      <trkpt lat="1.417810098138139" lon="103.86206315925858">
        <ele>5.032297912905612</ele>
      </trkpt>
      <trkpt lat="1.4177247083175233" lon="103.86203357142011">
        <ele>5.119515736086014</ele>
      </trkpt>
      <trkpt lat="1.4176388415906063" lon="103.86200537827796">
        <ele>5.207045349274786</ele>
      </trkpt>
      <trkpt lat="1.4175525211585513" lon="103.86197858675489">
        <ele>5.294863386176931</ele>
      </trkpt>
      <trkpt lat="1.4174657693511614" lon="103.86195320646871">
        <ele>5.382946355321134</ele>
      </trkpt>
      <trkpt lat="1.4173786098669372" lon="103.86192924270219">
        <ele>5.47127066052438</ele>
      </trkpt>
      <trkpt lat="1.417291066466219" lon="103.86190670028479">
        <ele>5.559812582605823</ele>
      </trkpt>
      <trkpt lat="1.4172031620354333" lon="103.86188558725146">
        <ele>5.6485506784806505</ele>
      </trkpt>
      <trkpt lat="1.4171149055726169" lon="103.86186597663695">
        <ele>5.737461154845348</ele>
      </trkpt>
      <trkpt lat="1.4170263328301869" lon="103.86184783117137">
        <ele>5.826519141837676</ele>
      </trkpt>
      <trkpt lat="1.416937472952912" lon="103.86183113291683">
        <ele>5.9156974165445675</ele>
      </trkpt>
      <trkpt lat="1.416848350336517" lon="103.86181588311523">
        <ele>6.004971131041219</ele>
      </trkpt>
      <trkpt lat="1.4167589886163388" lon="103.86180208702751">
        <ele>6.094316348533911</ele>
      </trkpt>
      <trkpt lat="1.4166694115634848" lon="103.86178974937046">
        <ele>6.183709183722484</ele>
      </trkpt>
      <trkpt lat="1.4165796432760118" lon="103.86177887261351">
        <ele>6.2731257127786675</ele>
      </trkpt>
      <trkpt lat="1.4164897079251273" lon="103.86176945836172">
        <ele>6.3625419945687165</ele>
      </trkpt>
      <trkpt lat="1.4163996294399273" lon="103.86176151041263">
        <ele>6.451934075960394</ele>
      </trkpt>
      <trkpt lat="1.4163094318165346" lon="103.8617550324469">
        <ele>6.5412780196916245</ele>
      </trkpt>
      <trkpt lat="1.4162191392868062" lon="103.86175002511575">
        <ele>6.6305499368927</ele>
      </trkpt>
      <trkpt lat="1.4161287761347612" lon="103.86174648782267">
        <ele>6.7197259656697845</ele>
      </trkpt>
      <trkpt lat="1.4160383664775835" lon="103.86174442247005">
        <ele>6.808580476140364</ele>
      </trkpt>
      <trkpt lat="1.4159489320948282" lon="103.86174049500137">
        <ele>6.8971185464419245</ele>
      </trkpt>
      <trkpt lat="1.4158586510291773" lon="103.8617446857221">
        <ele>6.985490074553145</ele>
      </trkpt>
      <trkpt lat="1.4157682463836652" lon="103.861747021444">
        <ele>7.073873256157557</ele>
      </trkpt>
      <trkpt lat="1.4156778916383903" lon="103.86175082800244">
        <ele>7.162212968769665</ele>
      </trkpt>
      <trkpt lat="1.4155876139637578" lon="103.86175614923322">
        <ele>7.250346970254455</ele>
      </trkpt>
      <trkpt lat="1.4154974212042764" lon="103.86176212309172">
        <ele>7.3382322221173935</ele>
      </trkpt>
      <trkpt lat="1.4154073449458264" lon="103.86177013428127">
        <ele>7.425950718517775</ele>
      </trkpt>
      <trkpt lat="1.415317268687291" lon="103.86177814547027">
        <ele>7.5135547234922795</ele>
      </trkpt>
      <trkpt lat="1.4152271924286706" lon="103.8617861566587">
        <ele>7.601023637421829</ele>
      </trkpt>
      <trkpt lat="1.415137327438827" lon="103.86179592658412">
        <ele>7.688007784335557</ele>
      </trkpt>
      <trkpt lat="1.4150480257597395" lon="103.86181010509137">
        <ele>7.774380397119869</ele>
      </trkpt>
      <trkpt lat="1.4149589547317645" lon="103.86182565075082">
        <ele>7.8601327552099685</ele>
      </trkpt>
      <trkpt lat="1.4148701549759624" lon="103.86184266339079">
        <ele>7.945480395446009</ele>
      </trkpt>
      <trkpt lat="1.4147816163162363" lon="103.86186097381098">
        <ele>8.030527873978327</ele>
      </trkpt>
      <trkpt lat="1.4146931215125276" lon="103.86187949366847">
        <ele>8.115418935677601</ele>
      </trkpt>
      <trkpt lat="1.4146046268409775" lon="103.86189801414896">
        <ele>8.200287736088747</ele>
      </trkpt>
      <trkpt lat="1.4145161321366895" lon="103.86191653447457">
        <ele>8.285156476698797</ele>
      </trkpt>
      <trkpt lat="1.4144276374510072" lon="103.86193505488748">
        <ele>8.370025257065329</ele>
      </trkpt>
      <trkpt lat="1.4143391427000562" lon="103.86195357499204">
        <ele>8.454894028161158</ele>
      </trkpt>
      <trkpt lat="1.4142506480135906" lon="103.86197209540036">
        <ele>8.539762882292772</ele>
      </trkpt>
      <trkpt lat="1.4141621531626938" lon="103.86199061503233">
        <ele>8.624649801450529</ele>
      </trkpt>
      <trkpt lat="1.414073622727015" lon="103.86200896491299">
        <ele>8.709652453593137</ele>
      </trkpt>
      <trkpt lat="1.4139849014240438" lon="103.86202637738427">
        <ele>8.794875473613459</ele>
      </trkpt>
      <trkpt lat="1.4138959795216277" lon="103.86204274849382">
        <ele>8.880405044161401</ele>
      </trkpt>
      <trkpt lat="1.4138068629651455" lon="103.86205804015788">
        <ele>8.966248186329532</ele>
      </trkpt>
      <trkpt lat="1.4137175566747078" lon="103.86207219711945">
        <ele>9.052416879417208</ele>
      </trkpt>
      <trkpt lat="1.4136280467518554" lon="103.86208501951413">
        <ele>9.138925939694161</ele>
      </trkpt>
      <trkpt lat="1.413538338886584" lon="103.8620963957741">
        <ele>9.225781713306084</ele>
      </trkpt>
      <trkpt lat="1.4134484574233328" lon="103.86210632691197">
        <ele>9.312971375098455</ele>
      </trkpt>
      <trkpt lat="1.4133584253827178" lon="103.86211480201413">
        <ele>9.400469895762885</ele>
      </trkpt>
      <trkpt lat="1.4132682692020377" lon="103.86212185387612">
        <ele>9.488252743327685</ele>
      </trkpt>
      <trkpt lat="1.413178011652665" lon="103.86212748398738">
        <ele>9.576303193064694</ele>
      </trkpt>
      <trkpt lat="1.4130876687549814" lon="103.86213153425554">
        <ele>9.664588668363782</ele>
      </trkpt>
      <trkpt lat="1.4129972790229983" lon="103.86213435498522">
        <ele>9.753092359395156</ele>
      </trkpt>
      <trkpt lat="1.4129068531177886" lon="103.86213563272149">
        <ele>9.841783854803387</ele>
      </trkpt>
      <trkpt lat="1.4128164181100775" lon="103.86213547579261">
        <ele>9.930651413558872</ele>
      </trkpt>
      <trkpt lat="1.4127259973444113" lon="103.86213386880624">
        <ele>10.019667451965656</ele>
      </trkpt>
      <trkpt lat="1.4126356144011971" lon="103.86213080820514">
        <ele>10.108809383103923</ele>
      </trkpt>
      <trkpt lat="1.4125452929197766" lon="103.86212629895192">
        <ele>10.198054360137148</ele>
      </trkpt>
      <trkpt lat="1.4124550586131706" lon="103.86212031188795">
        <ele>10.287378515583272</ele>
      </trkpt>
      <trkpt lat="1.412364932496213" lon="103.86211289312216">
        <ele>10.376758193369906</ele>
      </trkpt>
      <trkpt lat="1.4122749299274373" lon="103.86210411435854">
        <ele>10.466170151074444</ele>
      </trkpt>
      <trkpt lat="1.4121850910785672" lon="103.8620938090127">
        <ele>10.5555914804369</ele>
      </trkpt>
      <trkpt lat="1.4120954283065408" lon="103.86208208995495">
        <ele>10.644999520553773</ele>
      </trkpt>
      <trkpt lat="1.4120059652309314" lon="103.86206895007649">
        <ele>10.734370442186183</ele>
      </trkpt>
      <trkpt lat="1.4119167290860797" lon="103.86205436706236">
        <ele>10.82368197940845</ele>
      </trkpt>
      <trkpt lat="1.4118277346295975" lon="103.86203839107466">
        <ele>10.91290974812236</ele>
      </trkpt>
      <trkpt lat="1.4117390195432882" lon="103.86202094861663">
        <ele>11.002031133225048</ele>
      </trkpt>
      <trkpt lat="1.411650595950596" lon="103.86200210224692">
        <ele>11.091023489380929</ele>
      </trkpt>
      <trkpt lat="1.4115624818916814" lon="103.8619818742412">
        <ele>11.179862557226997</ele>
      </trkpt>
      <trkpt lat="1.4114747206674991" lon="103.86196018506176">
        <ele>11.268526397732465</ele>
      </trkpt>
      <trkpt lat="1.4113873140696505" lon="103.86193712565175">
        <ele>11.356991091268734</ele>
      </trkpt>
      <trkpt lat="1.4113002910800627" lon="103.86191267550353">
        <ele>11.44523668775758</ele>
      </trkpt>
      <trkpt lat="1.411213672451854" lon="103.86188684622955">
        <ele>11.533235697002139</ele>
      </trkpt>
      <trkpt lat="1.4111274994122094" lon="103.86185958529977">
        <ele>11.620968617369352</ele>
      </trkpt>
      <trkpt lat="1.4110417617487918" lon="103.86183100160154">
        <ele>11.70840988163973</ele>
      </trkpt>
      <trkpt lat="1.410956508481604" lon="103.86180102154745">
        <ele>11.795538369153443</ele>
      </trkpt>
      <trkpt lat="1.4108717592284163" lon="103.86176966282366">
        <ele>11.882332396075467</ele>
      </trkpt>
      <trkpt lat="1.4107875089632975" lon="103.86173700401302">
        <ele>11.968770437643064</ele>
      </trkpt>
      <trkpt lat="1.4107038044655595" lon="103.86170298686872">
        <ele>12.054831629620978</ele>
      </trkpt>
      <trkpt lat="1.4106206629000406" lon="103.86166763288944">
        <ele>12.140483215967427</ele>
      </trkpt>
      <trkpt lat="1.4105381293798485" lon="103.86163089976715">
        <ele>12.225710929840382</ele>
      </trkpt>
      <trkpt lat="1.4104561732588097" lon="103.86159291258197">
        <ele>12.31048879028547</ele>
      </trkpt>
      <trkpt lat="1.41037485989427" lon="103.86155358421414">
        <ele>12.39480637211598</ele>
      </trkpt>
      <trkpt lat="1.410294171761927" lon="103.86151300470856">
        <ele>12.478633825951519</ele>
      </trkpt>
      <trkpt lat="1.410214157022964" lon="103.86147112869334">
        <ele>12.56195182793588</ele>
      </trkpt>
      <trkpt lat="1.410134837803824" lon="103.86142796601933">
        <ele>12.644730950354644</ele>
      </trkpt>
      <trkpt lat="1.410056236766343" lon="103.86138352512158">
        <ele>12.72695037014261</ele>
      </trkpt>
      <trkpt lat="1.4099783678247406" lon="103.86133783033536">
        <ele>12.808592335318608</ele>
      </trkpt>
      <trkpt lat="1.409901241851968" lon="103.86129090791529">
        <ele>12.889641317709112</ele>
      </trkpt>
      <trkpt lat="1.409824873400343" lon="103.86124277783142">
        <ele>12.970404678070329</ele>
      </trkpt>
      <trkpt lat="1.409748070924251" lon="103.8611953838975">
        <ele>13.051241956548383</ele>
      </trkpt>
      <trkpt lat="1.4096706662340246" lon="103.86114892495911">
        <ele>13.131941053850227</ele>
      </trkpt>
      <trkpt lat="1.4095948093520794" lon="103.86110001108473">
        <ele>13.211711674591944</ele>
      </trkpt>
      <trkpt lat="1.409521423223884" lon="103.86104753455868">
        <ele>13.29010564074166</ele>
      </trkpt>
      <trkpt lat="1.4094490749621622" lon="103.86099361832018">
        <ele>13.36722205672173</ele>
      </trkpt>
      <trkpt lat="1.4093778516355064" lon="103.86093829853078">
        <ele>13.443122815088294</ele>
      </trkpt>
      <trkpt lat="1.409308814157845" lon="103.86088025462394">
        <ele>13.518093986845306</ele>
      </trkpt>
      <trkpt lat="1.4092397763422033" lon="103.86082221111549">
        <ele>13.59245176605756</ele>
      </trkpt>
      <trkpt lat="1.4091707373008568" lon="103.86076416904801">
        <ele>13.666641403664565</ele>
      </trkpt>
      <trkpt lat="1.409102291170451" lon="103.86070544360939">
        <ele>13.741008745350932</ele>
      </trkpt>
      <trkpt lat="1.4090325890569517" lon="103.86064846403094">
        <ele>13.817588623873108</ele>
      </trkpt>
      <trkpt lat="1.4089555230800652" lon="103.86060153590026">
        <ele>13.897459914241018</ele>
      </trkpt>
      <trkpt lat="1.4088749690341305" lon="103.86056080263462">
        <ele>13.98101264674226</ele>
      </trkpt>
      <trkpt lat="1.4087914300235236" lon="103.86052651896964">
        <ele>14.06676866244297</ele>
      </trkpt>
      <trkpt lat="1.408705427931827" lon="103.86049889908234">
        <ele>14.154178489993917</ele>
      </trkpt>
      <trkpt lat="1.4086176036699622" lon="103.86047757711988">
        <ele>14.242722725651973</ele>
      </trkpt>
      <trkpt lat="1.4085282569002198" lon="103.86046378366049">
        <ele>14.331847646433957</ele>
      </trkpt>
      <trkpt lat="1.408438108834739" lon="103.86045690646591">
        <ele>14.421022469052174</ele>
      </trkpt>
      <trkpt lat="1.408347679034216" lon="103.86045702818353">
        <ele>14.509913632461286</ele>
      </trkpt>
      <trkpt lat="1.4082572895012335" lon="103.86045992038636">
        <ele>14.5985178387577</ele>
      </trkpt>
      <trkpt lat="1.4081668999681816" lon="103.86046281258906">
        <ele>14.68700505162112</ele>
      </trkpt>
      <trkpt lat="1.4080765104350599" lon="103.8604657047916">
        <ele>14.775492267707165</ele>
      </trkpt>
      <trkpt lat="1.407986120899697" lon="103.86046859692695">
        <ele>14.864054667241144</ele>
      </trkpt>
      <trkpt lat="1.4078957140140165" lon="103.86046963421715">
        <ele>14.952855919155285</ele>
      </trkpt>
      <trkpt lat="1.407805429450189" lon="103.86046523406006">
        <ele>15.041957144288006</ele>
      </trkpt>
      <trkpt lat="1.4077156786450191" lon="103.86045453685651">
        <ele>15.131198517871288</ele>
      </trkpt>
      <trkpt lat="1.4076269006128468" lon="103.86043759555716">
        <ele>15.220186596687222</ele>
      </trkpt>
      <trkpt lat="1.4075395291208002" lon="103.86041449192832">
        <ele>15.308377833854133</ele>
      </trkpt>
      <trkpt lat="1.4074544585871311" lon="103.86038415069481">
        <ele>15.395440778187341</ele>
      </trkpt>
      <trkpt lat="1.407371180093603" lon="103.86034925018585">
        <ele>15.479630788680865</ele>
      </trkpt>
      <trkpt lat="1.4072951652730483" lon="103.8603035522328">
        <ele>15.561077854409078</ele>
      </trkpt>
      <trkpt lat="1.4072205451629989" lon="103.86025506904284">
        <ele>15.641067999589913</ele>
      </trkpt>
      <trkpt lat="1.4071430148044823" lon="103.86020880712229">
        <ele>15.72157563951503</ele>
      </trkpt>
      <trkpt lat="1.4070654844449317" lon="103.86016254520482">
        <ele>15.802825795856881</ele>
      </trkpt>
      <trkpt lat="1.4069884302228146" lon="103.86011552180841">
        <ele>15.883689995544655</ele>
      </trkpt>
      <trkpt lat="1.4069123421797793" lon="103.86006695321583">
        <ele>15.964168238578353</ele>
      </trkpt>
      <trkpt lat="1.4068362541356167" lon="103.86001838462643">
        <ele>16.044387937031818</ele>
      </trkpt>
      <trkpt lat="1.4067601660903266" lon="103.85996981604022">
        <ele>16.12460763548526</ele>
      </trkpt>
      <trkpt lat="1.4066840780439092" lon="103.85992124745717">
        <ele>16.2048273339387</ele>
      </trkpt>
      <trkpt lat="1.4066079899963644" lon="103.8598726788773">
        <ele>16.280138044848936</ele>
      </trkpt>
      <trkpt lat="1.4065484478301191" lon="103.85981049688552">
        <ele>16.3386312635912</ele>
      </trkpt>
      <trkpt lat="1.406528153060992" lon="103.85972307521574">
        <ele>16.381352736888388</ele>
      </trkpt>
      <trkpt lat="1.406497911359613" lon="103.85969469150457">
        <ele>16.415980156613674</ele>
      </trkpt>
      <trkpt lat="1.4064474389603667" lon="103.85976925375027">
        <ele>16.454422027391836</ele>
      </trkpt>
      <trkpt lat="1.406396966558763" lon="103.85984381599275">
        <ele>16.49563260249996</ele>
      </trkpt>
      <trkpt lat="1.406346494154802" lon="103.85991837823198">
        <ele>16.536843177608088</ele>
      </trkpt>
      <trkpt lat="1.406296021748483" lon="103.85999294046799">
        <ele>16.578053752716233</ele>
      </trkpt>
      <trkpt lat="1.4062455493398074" lon="103.86006750270077">
        <ele>16.618028033047548</ele>
      </trkpt>
      <trkpt lat="1.4061986004273737" lon="103.86014426117478">
        <ele>16.658281465228445</ele>
      </trkpt>
      <trkpt lat="1.406147337124464" lon="103.86021828635485">
        <ele>16.69968908371042</ele>
      </trkpt>
      <trkpt lat="1.406093604324972" lon="103.860290543813">
        <ele>16.74400038919842</ele>
      </trkpt>
      <trkpt lat="1.4060384261776397" lon="103.86036173821346">
        <ele>16.789654996734598</ele>
      </trkpt>
      <trkpt lat="1.405983374176935" lon="103.86043302929168">
        <ele>16.83558068639964</ele>
      </trkpt>
      <trkpt lat="1.4059288778863133" lon="103.8605047255177">
        <ele>16.880015258033506</ele>
      </trkpt>
      <trkpt lat="1.4058779073792396" lon="103.86057893692848">
        <ele>16.92259543681259</ele>
      </trkpt>
      <trkpt lat="1.4058280932694174" lon="103.86065393494064">
        <ele>16.963518688608293</ele>
      </trkpt>
      <trkpt lat="1.4057782783608088" lon="103.86072893242736">
        <ele>17.00334551843133</ele>
      </trkpt>
      <trkpt lat="1.40573043624629" lon="103.8608050605998">
        <ele>17.03990480277619</ele>
      </trkpt>
      <trkpt lat="1.405689985102378" lon="103.86088542349204">
        <ele>17.0754916007394</ele>
      </trkpt>
      <trkpt lat="1.4056429563428385" lon="103.86096202160171">
        <ele>17.11176602457223</ele>
      </trkpt>
      <trkpt lat="1.405593143876669" lon="103.8610370206827">
        <ele>17.154448757492062</ele>
      </trkpt>
      <trkpt lat="1.4055345110958797" lon="103.861105279535">
        <ele>17.19956609843679</ele>
      </trkpt>
      <trkpt lat="1.4054805929235699" lon="103.8611771213245">
        <ele>17.244684113355248</ele>
      </trkpt>
      <trkpt lat="1.4054307785362177" lon="103.86125211914157">
        <ele>17.286661318923652</ele>
      </trkpt>
      <trkpt lat="1.4053809645349344" lon="103.86132711721014">
        <ele>17.327175985350575</ele>
      </trkpt>
      <trkpt lat="1.4053311507907325" lon="103.86140211544566">
        <ele>17.367690561110592</ele>
      </trkpt>
      <trkpt lat="1.405281336653753" lon="103.86147711342198">
        <ele>17.408204935724395</ele>
      </trkpt>
      <trkpt lat="1.405231523216626" lon="103.86155211185557">
        <ele>17.448719516314313</ele>
      </trkpt>
      <trkpt lat="1.4051817088802712" lon="103.86162710969784">
        <ele>17.489233813166567</ele>
      </trkpt>
      <trkpt lat="1.4051318955420444" lon="103.86170210819284">
        <ele>17.529748458535774</ele>
      </trkpt>
      <trkpt lat="1.4050820811079172" lon="103.86177710596772">
        <ele>17.57026289634871</ele>
      </trkpt>
      <trkpt lat="1.4050322673539246" lon="103.86185210418697">
        <ele>17.61077727750043</ele>
      </trkpt>
      <trkpt lat="1.4049824541694769" lon="103.861927102778">
        <ele>17.651292263812717</ele>
      </trkpt>
      <trkpt lat="1.4049326380095069" lon="103.86200209941552">
        <ele>17.691807634307825</ele>
      </trkpt>
      <trkpt lat="1.404882823157247" lon="103.86207709690939">
        <ele>17.732322190796165</ele>
      </trkpt>
      <trkpt lat="1.404833012277634" lon="103.86215209700669">
        <ele>17.772837109595837</ele>
      </trkpt>
      <trkpt lat="1.4047831950814496" lon="103.86222709296017">
        <ele>17.813354962187287</ele>
      </trkpt>
      <trkpt lat="1.4047333718896975" lon="103.86230208497841">
        <ele>17.85387201270457</ele>
      </trkpt>
      <trkpt lat="1.4046835632810437" lon="103.86237708655965">
        <ele>17.894386846204828</ele>
      </trkpt>
      <trkpt lat="1.4046337523745063" lon="103.86245208663273">
        <ele>17.93489862901823</ele>
      </trkpt>
      <trkpt lat="1.4045839378400022" lon="103.86252708432497">
        <ele>17.9754123488113</ele>
      </trkpt>
      <trkpt lat="1.4045341237227473" lon="103.86260208228943">
        <ele>18.01592731187816</ele>
      </trkpt>
      <trkpt lat="1.4044843092779642" lon="103.862677080037">
        <ele>18.05594262340104</ele>
      </trkpt>
      <trkpt lat="1.404435917168349" lon="103.8627529793022">
        <ele>18.095012026899898</ele>
      </trkpt>
      <trkpt lat="1.4043887967525959" lon="103.86282967662481">
        <ele>18.131539607785836</ele>
      </trkpt>
      <trkpt lat="1.404346256182572" lon="103.8629089313497">
        <ele>18.165668270320285</ele>
      </trkpt>
      <trkpt lat="1.4043047404663962" lon="103.86298874804078">
        <ele>18.196321411430535</ele>
      </trkpt>
      <trkpt lat="1.4042676327809918" lon="103.86307068121614">
        <ele>18.223869443441714</ele>
      </trkpt>
      <trkpt lat="1.404234093874422" lon="103.86315412369026">
        <ele>18.24751857784791</ele>
      </trkpt>
      <trkpt lat="1.404203924355473" lon="103.86323881974852">
        <ele>18.26752498890765</ele>
      </trkpt>
      <trkpt lat="1.404177484031539" lon="103.8633247290233">
        <ele>18.283881699680265</ele>
      </trkpt>
      <trkpt lat="1.4041546870385517" lon="103.86341168213468">
        <ele>18.296677667629524</ele>
      </trkpt>
      <trkpt lat="1.4041350449997563" lon="103.86349938902644">
        <ele>18.306078188221846</ele>
      </trkpt>
      <trkpt lat="1.4041186917419533" lon="103.86358774726531">
        <ele>18.31199074299235</ele>
      </trkpt>
      <trkpt lat="1.4041063097438948" lon="103.86367675210754">
        <ele>18.314236423568172</ele>
      </trkpt>
      <trkpt lat="1.4040976654193054" lon="103.863766192009">
        <ele>18.31278158290577</ele>
      </trkpt>
      <trkpt lat="1.404092457042558" lon="103.86385589486406">
        <ele>18.307599790865098</ele>
      </trkpt>
      <trkpt lat="1.4040913586001011" lon="103.86394573754995">
        <ele>18.29889764624147</ele>
      </trkpt>
      <trkpt lat="1.4040934189443417" lon="103.86403556148771">
        <ele>18.28655405079621</ele>
      </trkpt>
      <trkpt lat="1.4040993342816208" lon="103.86412521745707">
        <ele>18.27071029554303</ele>
      </trkpt>
      <trkpt lat="1.4041089812764054" lon="103.86421454889893">
        <ele>18.251159069361396</ele>
      </trkpt>
      <trkpt lat="1.4041224750407097" lon="103.86430338079755">
        <ele>18.228263687432236</ele>
      </trkpt>
      <trkpt lat="1.4041387471928237" lon="103.86439175892401">
        <ele>18.201890091459976</ele>
      </trkpt>
      <trkpt lat="1.404159221053815" lon="103.86447928164483">
        <ele>18.172048545424815</ele>
      </trkpt>
      <trkpt lat="1.4041835659897617" lon="103.86456581843632">
        <ele>18.138631386406768</ele>
      </trkpt>
      <trkpt lat="1.4042110742926506" lon="103.8646514097369">
        <ele>18.101896993054755</ele>
      </trkpt>
      <trkpt lat="1.4042420318138538" lon="103.8647358273633">
        <ele>18.062059370133785</ele>
      </trkpt>
      <trkpt lat="1.4042762373857764" lon="103.86481899340859">
        <ele>18.01906442150272</ele>
      </trkpt>
      <trkpt lat="1.4043138303597134" lon="103.86490069942974">
        <ele>17.972662573178763</ele>
      </trkpt>
      <trkpt lat="1.4043557532411306" lon="103.86498019447852">
        <ele>17.92055600330347</ele>
      </trkpt>
      <trkpt lat="1.4044085448973145" lon="103.86505315106498">
        <ele>17.864038896595144</ele>
      </trkpt>
      <trkpt lat="1.404460542510831" lon="103.86512665754019">
        <ele>17.80491000017823</ele>
      </trkpt>
      <trkpt lat="1.4045110033572379" lon="103.8652012274374">
        <ele>17.747538603359114</ele>
      </trkpt>
      <trkpt lat="1.4045580008354028" lon="103.86527792550818">
        <ele>17.69111459163253</ele>
      </trkpt>
      <trkpt lat="1.404606917326022" lon="103.86535307954938">
        <ele>17.6321457945828</ele>
      </trkpt>
      <trkpt lat="1.404665885169457" lon="103.86542120673134">
        <ele>17.56861591097965</ele>
      </trkpt>
      <trkpt lat="1.404728126568908" lon="103.86548638708597">
        <ele>17.500699083935856</ele>
      </trkpt>
      <trkpt lat="1.4047917282359068" lon="103.86555025975453">
        <ele>17.431134085179526</ele>
      </trkpt>
      <trkpt lat="1.4048563280924309" lon="103.86561314502232">
        <ele>17.360882431418585</ele>
      </trkpt>
      <trkpt lat="1.4049209286866227" lon="103.8656760295437">
        <ele>17.29034077362812</ele>
      </trkpt>
      <trkpt lat="1.4049855288038826" lon="103.8657389145503">
        <ele>17.219799003207964</ele>
      </trkpt>
      <trkpt lat="1.4050501290439619" lon="103.86580179943405">
        <ele>17.14925723859413</ele>
      </trkpt>
      <trkpt lat="1.4051147296126394" lon="103.86586468398615">
        <ele>17.07871538489083</ele>
      </trkpt>
      <trkpt lat="1.4051793300321442" lon="103.86592756869113">
        <ele>17.008173584073205</ele>
      </trkpt>
      <trkpt lat="1.4052439300840944" lon="103.86599045377051">
        <ele>16.937765304096814</ele>
      </trkpt>
      <trkpt lat="1.4053080729470695" lon="103.8660537755928">
        <ele>16.86752599600293</ele>
      </trkpt>
      <trkpt lat="1.4053720904237352" lon="103.8661172461233">
        <ele>16.797455553905294</ele>
      </trkpt>
      <trkpt lat="1.4054361078985487" lon="103.86618071665725">
        <ele>16.727420605509522</ele>
      </trkpt>
      <trkpt lat="1.4055001253715096" lon="103.86624418719467">
        <ele>16.657385657113753</ele>
      </trkpt>
      <trkpt lat="1.4055641428426173" lon="103.86630765773552">
        <ele>16.587350708717988</ele>
      </trkpt>
      <trkpt lat="1.4056281603118723" lon="103.86637112827984">
        <ele>16.516854131613936</ele>
      </trkpt>
      <trkpt lat="1.405693913368177" lon="103.86643174831995">
        <ele>16.447490654574334</ele>
      </trkpt>
      <trkpt lat="1.4057540549454264" lon="103.86649885703528">
        <ele>16.379218971674888</ele>
      </trkpt>
      <trkpt lat="1.4058143368508138" lon="103.86656584152958">
        <ele>16.312500711623873</ele>
      </trkpt>
      <trkpt lat="1.4058746187541549" lon="103.8666328260273">
        <ele>16.245741145648577</ele>
      </trkpt>
      <trkpt lat="1.4059349006554478" lon="103.86669981052843">
        <ele>16.178981579673277</ele>
      </trkpt>
      <trkpt lat="1.4059951825546935" lon="103.86676679503302">
        <ele>16.112222013698002</ele>
      </trkpt>
      <trkpt lat="1.406055464451891" lon="103.86683377954101">
        <ele>16.04546244772271</ele>
      </trkpt>
      <trkpt lat="1.4061157463470406" lon="103.86690076405243">
        <ele>15.97870288174741</ele>
      </trkpt>
      <trkpt lat="1.4061760282401419" lon="103.86696774856729">
        <ele>15.911943315772112</ele>
      </trkpt>
      <trkpt lat="1.4062363101311943" lon="103.86703473308557">
        <ele>15.845183749796837</ele>
      </trkpt>
      <trkpt lat="1.4062965920201982" lon="103.86710171760728">
        <ele>15.77842418382154</ele>
      </trkpt>
      <trkpt lat="1.4063568739071526" lon="103.86716870213242">
        <ele>15.710154560098156</ele>
      </trkpt>
      <trkpt lat="1.406422351065953" lon="103.86723057627593">
        <ele>15.639988819559397</ele>
      </trkpt>
      <trkpt lat="1.4064891564388373" lon="103.86729114390961">
        <ele>15.567926962205277</ele>
      </trkpt>
      <trkpt lat="1.4065559618100172" lon="103.86735171154673">
        <ele>15.495442415088725</ele>
      </trkpt>
      <trkpt lat="1.406622895023015" lon="103.8674121393335">
        <ele>15.422863646244666</ele>
      </trkpt>
      <trkpt lat="1.4066900292874198" lon="103.8674723467496">
        <ele>15.349731286401848</ele>
      </trkpt>
      <trkpt lat="1.4067573021288367" lon="103.86753240139346">
        <ele>15.272121441307853</ele>
      </trkpt>
      <trkpt lat="1.4068245753323645" lon="103.86759245563844">
        <ele>15.189852736661608</ele>
      </trkpt>
      <trkpt lat="1.4068928632363316" lon="103.86765136607242">
        <ele>15.103702926713268</ele>
      </trkpt>
      <trkpt lat="1.4069598171456958" lon="103.86771173545247">
        <ele>15.018032787107657</ele>
      </trkpt>
      <trkpt lat="1.4070251031990408" lon="103.8677739057749">
        <ele>14.933753188356308</ele>
      </trkpt>
      <trkpt lat="1.4070876769366083" lon="103.86783878219478">
        <ele>14.851085318119587</ele>
      </trkpt>
      <trkpt lat="1.407148143914747" lon="103.86790557316591">
        <ele>14.770199665425613</ele>
      </trkpt>
      <trkpt lat="1.4072064245511642" lon="103.86797423669722">
        <ele>14.691397640846375</ele>
      </trkpt>
      <trkpt lat="1.4072610426756405" lon="103.86804585452892">
        <ele>14.614397858701132</ele>
      </trkpt>
      <trkpt lat="1.4073147101220889" lon="103.86811818044745">
        <ele>14.5386295792645</ele>
      </trkpt>
      <trkpt lat="1.4073683775661732" lon="103.86819050636925">
        <ele>14.463119486786377</ele>
      </trkpt>
      <trkpt lat="1.4074220450078923" lon="103.86826283229433">
        <ele>14.387818536699378</ele>
      </trkpt>
      <trkpt lat="1.407474948809129" lon="103.86833570843085">
        <ele>14.31283473947254</ele>
      </trkpt>
      <trkpt lat="1.407527458231138" lon="103.86840886872265">
        <ele>14.238168095105868</ele>
      </trkpt>
      <trkpt lat="1.4075799676507308" lon="103.86848202901771">
        <ele>14.163699029508786</ele>
      </trkpt>
      <trkpt lat="1.407632156351615" lon="103.86855540204">
        <ele>14.090642939547427</ele>
      </trkpt>
      <trkpt lat="1.4076796128306233" lon="103.86863189462532">
        <ele>14.01899982522181</ele>
      </trkpt>
      <trkpt lat="1.407727069307008" lon="103.8687083872137">
        <ele>13.948680143932648</ele>
      </trkpt>
      <trkpt lat="1.4077745256902943" lon="103.86878487986054">
        <ele>13.878360489459999</ele>
      </trkpt>
      <trkpt lat="1.4078219820670306" lon="103.86886137251285">
        <ele>13.808040831256582</ele>
      </trkpt>
      <trkpt lat="1.4078694385486794" lon="103.86893786510235">
        <ele>13.737721143621135</ele>
      </trkpt>
      <trkpt lat="1.4079168950277043" lon="103.8690143576949">
        <ele>13.667401425438385</ele>
      </trkpt>
      <trkpt lat="1.4079643515041047" lon="103.8690908502905">
        <ele>13.595044595628375</ele>
      </trkpt>
      <trkpt lat="1.408019231780951" lon="103.86916203540055">
        <ele>13.520287102071691</ele>
      </trkpt>
      <trkpt lat="1.4080754254910524" lon="103.86923231480294">
        <ele>13.445106757069956</ele>
      </trkpt>
      <trkpt lat="1.4081243772205647" lon="103.86930787140267">
        <ele>13.372983379647783</ele>
      </trkpt>
      <trkpt lat="1.4081683943359895" lon="103.86938601641215">
        <ele>13.306630030316471</ele>
      </trkpt>
      <trkpt lat="1.4082043829624782" lon="103.86946834873505">
        <ele>13.240850329214842</ele>
      </trkpt>
      <trkpt lat="1.4082513093998075" lon="103.86954516349816">
        <ele>13.174201568945492</ele>
      </trkpt>
      <trkpt lat="1.4082982358344909" lon="103.86962197826429">
        <ele>13.104342532933385</ele>
      </trkpt>
      <trkpt lat="1.4083451331710326" lon="103.86969881057075">
        <ele>13.03449549460383</ele>
      </trkpt>
      <trkpt lat="1.4083920175012403" lon="103.86977565071825">
        <ele>12.964660958645112</ele>
      </trkpt>
      <trkpt lat="1.4084389000581088" lon="103.86985249193539">
        <ele>12.894830931348892</ele>
      </trkpt>
      <trkpt lat="1.4084857815664193" lon="103.86992933378556">
        <ele>12.825001706849454</ele>
      </trkpt>
      <trkpt lat="1.4085326630720802" lon="103.87000617563876">
        <ele>12.755172780458524</ele>
      </trkpt>
      <trkpt lat="1.4085795445750922" lon="103.87008301749499">
        <ele>12.68534372506116</ele>
      </trkpt>
      <trkpt lat="1.408626426528069" lon="103.87015985908162">
        <ele>12.615514704920637</ele>
      </trkpt>
      <trkpt lat="1.4086733079020846" lon="103.87023670101841">
        <ele>12.54568575082073</ele>
      </trkpt>
      <trkpt lat="1.4087201891654464" lon="103.8703135430233">
        <ele>12.475856892196779</ele>
      </trkpt>
      <trkpt lat="1.4087670707754982" lon="103.87039038482078">
        <ele>12.406027966267951</ele>
      </trkpt>
      <trkpt lat="1.4088139523776981" lon="103.87046722662444">
        <ele>12.336198942250455</ele>
      </trkpt>
      <trkpt lat="1.4088608339772475" lon="103.87054406843112">
        <ele>12.266369919715387</ele>
      </trkpt>
      <trkpt lat="1.4089077155741452" lon="103.87062091024082">
        <ele>12.196540897180322</ele>
      </trkpt>
      <trkpt lat="1.4089545971683917" lon="103.87069775205356">
        <ele>12.126711874645258</ele>
      </trkpt>
      <trkpt lat="1.4090014787599863" lon="103.87077459386933">
        <ele>12.05688285211019</ele>
      </trkpt>
      <trkpt lat="1.409048360348929" lon="103.87085143568812">
        <ele>11.987053829575101</ele>
      </trkpt>
      <trkpt lat="1.4090952419352196" lon="103.87092827750996">
        <ele>11.917224807040034</ele>
      </trkpt>
      <trkpt lat="1.4091421235188573" lon="103.87100511933481">
        <ele>11.847395784504968</ele>
      </trkpt>
      <trkpt lat="1.4091890050998426" lon="103.8710819611627">
        <ele>11.7775667619699</ele>
      </trkpt>
      <trkpt lat="1.4092358866781745" lon="103.8711588029936">
        <ele>11.707737740193705</ele>
      </trkpt>
      <trkpt lat="1.4092827682511913" lon="103.87123564482916">
        <ele>11.637908719187408</ele>
      </trkpt>
      <trkpt lat="1.4093296498215155" lon="103.87131248666776">
        <ele>11.562925654859777</ele>
      </trkpt>
      <trkpt lat="1.4093765313891862" lon="103.8713893285094">
        <ele>11.475996482378394</ele>
      </trkpt>
      <trkpt lat="1.4094234129542027" lon="103.87146617035405">
        <ele>11.37712120173227</ele>
      </trkpt>
      <trkpt lat="1.4094702945165647" lon="103.87154301220174">
        <ele>11.271453857012617</ele>
      </trkpt>
      <trkpt lat="1.4095171760762726" lon="103.87161985405245">
        <ele>11.16564197736484</ele>
      </trkpt>
      <trkpt lat="1.4095655745703037" lon="103.87169576078996">
        <ele>11.059678900955483</ele>
      </trkpt>
      <trkpt lat="1.409614042979659" lon="103.87177162442964">
        <ele>10.953415309375146</ele>
      </trkpt>
      <trkpt lat="1.409664271583968" lon="103.87184633975502">
        <ele>10.864040112140728</ele>
      </trkpt>
      <trkpt lat="1.4097150628194948" lon="103.8719206880327">
        <ele>10.79123779391149</ele>
      </trkpt>
      <trkpt lat="1.4097675103762732" lon="103.8719938705752">
        <ele>10.745929929302138</ele>
      </trkpt>
      <trkpt lat="1.4098215877020164" lon="103.872065894084">
        <ele>10.711889121742573</ele>
      </trkpt>
      <trkpt lat="1.4098757859107283" lon="103.87213782827138">
        <ele>10.687223867349912</ele>
      </trkpt>
      <trkpt lat="1.4099330363824198" lon="103.87220711537027">
        <ele>10.655972213762405</ele>
      </trkpt>
      <trkpt lat="1.4099974424845212" lon="103.87227019666528">
        <ele>10.617317303076595</ele>
      </trkpt>
      <trkpt lat="1.4100618484273935" lon="103.8723332781224">
        <ele>10.572053765238678</ele>
      </trkpt>
      <trkpt lat="1.4101280923852462" lon="103.8723944468143">
        <ele>10.528976317646238</ele>
      </trkpt>
      <trkpt lat="1.410189530652961" lon="103.8724602266704">
        <ele>10.482704746125583</ele>
      </trkpt>
      <trkpt lat="1.410258021115014" lon="103.87251890688283">
        <ele>10.425922462372833</ele>
      </trkpt>
      <trkpt lat="1.4103332949480774" lon="103.87255756355516">
        <ele>10.33572325393879</ele>
      </trkpt>
      <trkpt lat="1.4104235564839016" lon="103.87255197867685">
        <ele>10.285838752283468</ele>
      </trkpt>
      <trkpt lat="1.4104122081625552" lon="103.87261472026198">
        <ele>10.305490785169894</ele>
      </trkpt>
      <trkpt lat="1.4103676423919824" lon="103.8726929107314">
        <ele>10.413980543806106</ele>
      </trkpt>
      <trkpt lat="1.4103230766188342" lon="103.87277110119777">
        <ele>10.542956490790614</ele>
      </trkpt>
      <trkpt lat="1.4102785108431095" lon="103.87284929166114">
        <ele>10.671932437775117</ele>
      </trkpt>
      <trkpt lat="1.410233945064809" lon="103.87292748212147">
        <ele>10.800908384759621</ele>
      </trkpt>
      <trkpt lat="1.410189379283933" lon="103.87300567257877">
        <ele>10.920098170196367</ele>
      </trkpt>
      <trkpt lat="1.4101327100546637" lon="103.87302556661871">
        <ele>11.017049744047315</ele>
      </trkpt>
      <trkpt lat="1.4100606402284148" lon="103.87297128348003">
        <ele>11.083174759391113</ele>
      </trkpt>
      <trkpt lat="1.4099995165833885" lon="103.8729051002449">
        <ele>11.129144755679429</ele>
      </trkpt>
      <trkpt lat="1.4099371954498983" lon="103.8728400181311">
        <ele>11.171268338671126</ele>
      </trkpt>
      <trkpt lat="1.4098698420426348" lon="103.87278006683248">
        <ele>11.214418585272265</ele>
      </trkpt>
      <trkpt lat="1.4098073729102032" lon="103.8727152388863">
        <ele>11.254670668592127</ele>
      </trkpt>
      <trkpt lat="1.409749039522989" lon="103.8726466761047">
        <ele>11.284916450636878</ele>
      </trkpt>
      <trkpt lat="1.4096952910822238" lon="103.87257441007941">
        <ele>11.308800105639023</ele>
      </trkpt>
      <trkpt lat="1.409641645595162" lon="103.87250206801224">
        <ele>11.361903131830452</ele>
      </trkpt>
      <trkpt lat="1.4095702156373806" lon="103.87251794275537">
        <ele>11.45867481863715</ele>
      </trkpt>
      <trkpt lat="1.4094926660495173" lon="103.87256417286707">
        <ele>11.599186261841938</ele>
      </trkpt>
      <trkpt lat="1.4094151164607651" lon="103.87261040297577">
        <ele>11.750895412199696</ele>
      </trkpt>
      <trkpt lat="1.409337566871124" lon="103.87265663308143">
        <ele>11.893965017106643</ele>
      </trkpt>
      <trkpt lat="1.4092496420943337" lon="103.87265196177002">
        <ele>12.026077152684394</ele>
      </trkpt>
      <trkpt lat="1.4091605433427994" lon="103.87263656399347">
        <ele>12.147215877886081</ele>
      </trkpt>
      <trkpt lat="1.409071452455786" lon="103.87262112146219">
        <ele>12.26599547419602</ele>
      </trkpt>
      <trkpt lat="1.408982374032878" lon="103.8726056080012">
        <ele>12.384733865492597</ele>
      </trkpt>
      <trkpt lat="1.4088932956097646" lon="103.87259009454145">
        <ele>12.503446992822719</ele>
      </trkpt>
      <trkpt lat="1.4088042171864459" lon="103.872574581083">
        <ele>12.622160120152833</ele>
      </trkpt>
      <trkpt lat="1.4087151387629213" lon="103.87255906762582">
        <ele>12.740873247482988</ele>
      </trkpt>
      <trkpt lat="1.408626060339191" lon="103.8725435541699">
        <ele>12.859586374813103</ele>
      </trkpt>
      <trkpt lat="1.4085369819152558" lon="103.87252804071525">
        <ele>12.978299502143225</ele>
      </trkpt>
      <trkpt lat="1.4084479034911146" lon="103.87251252726186">
        <ele>13.09701262947334</ele>
      </trkpt>
      <trkpt lat="1.4083588250667678" lon="103.87249701380975">
        <ele>13.215725756803465</ele>
      </trkpt>
      <trkpt lat="1.4082697466422165" lon="103.87248150035892">
        <ele>13.334351388750425</ele>
      </trkpt>
      <trkpt lat="1.4081807120036989" lon="103.8724657423851">
        <ele>13.452814455436839</ele>
      </trkpt>
      <trkpt lat="1.4080917149329837" lon="103.87244977461404">
        <ele>13.571114956862763</ele>
      </trkpt>
      <trkpt lat="1.408002717862056" lon="103.87243380684428">
        <ele>13.689340388411352</ele>
      </trkpt>
      <trkpt lat="1.4079137207909158" lon="103.87241783907582">
        <ele>13.807565819959942</ele>
      </trkpt>
      <trkpt lat="1.4078247237195634" lon="103.87240187130867">
        <ele>13.92579125150853</ele>
      </trkpt>
      <trkpt lat="1.407735726647999" lon="103.87238590354282">
        <ele>14.044016683057094</ele>
      </trkpt>
      <trkpt lat="1.4076467295762216" lon="103.87236993577827">
        <ele>14.162258932892543</ele>
      </trkpt>
      <trkpt lat="1.4075577240373809" lon="103.87235401492568">
        <ele>14.280577201682322</ele>
      </trkpt>
      <trkpt lat="1.40746868869486" lon="103.87233825920073">
        <ele>14.398971489426495</ele>
      </trkpt>
      <trkpt lat="1.4073796533521301" lon="103.87232250347706">
        <ele>14.51742497783818</ele>
      </trkpt>
      <trkpt lat="1.4072906180091915" lon="103.8723067477547">
        <ele>14.635878466249855</ele>
      </trkpt>
      <trkpt lat="1.4072015826660442" lon="103.87229099203361">
        <ele>14.754331954661529</ele>
      </trkpt>
      <trkpt lat="1.407112547322688" lon="103.87227523631381">
        <ele>14.87278536409159</ele>
      </trkpt>
      <trkpt lat="1.407023512018678" lon="103.87225948037462">
        <ele>14.99138280303499</ele>
      </trkpt>
      <trkpt lat="1.4069344062011433" lon="103.87224413009845">
        <ele>15.110032493918034</ele>
      </trkpt>
      <trkpt lat="1.406845354448414" lon="103.87222853814167">
        <ele>15.227700050349222</ele>
      </trkpt>
      <trkpt lat="1.4067568431120998" lon="103.87221009652998">
        <ele>15.344241290288977</ele>
      </trkpt>
      <trkpt lat="1.4066683318170854" lon="103.8721916547229">
        <ele>15.459747991310921</ele>
      </trkpt>
      <trkpt lat="1.4065798205218178" lon="103.87217321291728">
        <ele>15.575254676272406</ele>
      </trkpt>
      <trkpt lat="1.4064913091938192" lon="103.87215477126702">
        <ele>15.69076145888055</ele>
      </trkpt>
      <trkpt lat="1.4064027978428753" lon="103.87213632972579">
        <ele>15.806678227992137</ele>
      </trkpt>
      <trkpt lat="1.4063140659277735" lon="103.87211900560176">
        <ele>15.923437924072596</ele>
      </trkpt>
      <trkpt lat="1.4062251010133857" lon="103.87210286189354">
        <ele>16.04104050695949</ele>
      </trkpt>
      <trkpt lat="1.4061361360987834" lon="103.87208671818661">
        <ele>16.15907608779604</ele>
      </trkpt>
      <trkpt lat="1.4060471711839668" lon="103.872070574481">
        <ele>16.277111668632617</ele>
      </trkpt>
      <trkpt lat="1.405958206268935" lon="103.87205443077671">
        <ele>16.395147249469204</ele>
      </trkpt>
      <trkpt lat="1.4058692413536893" lon="103.87203828707374">
        <ele>16.513182830305777</ele>
      </trkpt>
      <trkpt lat="1.4057802764382292" lon="103.87202214337206">
        <ele>16.63121841114236</ele>
      </trkpt>
      <trkpt lat="1.4056913115225547" lon="103.8720059996717">
        <ele>16.74925399278904</ele>
      </trkpt>
      <trkpt lat="1.4056023466062524" lon="103.87198985597492">
        <ele>16.86728958591766</ele>
      </trkpt>
      <trkpt lat="1.405513381684289" lon="103.87197371230906">
        <ele>16.985325190528172</ele>
      </trkpt>
      <trkpt lat="1.4054244167621113" lon="103.8719575686445">
        <ele>17.103360805810485</ele>
      </trkpt>
      <trkpt lat="1.4053354518397192" lon="103.87194142498129">
        <ele>17.220888561122567</ele>
      </trkpt>
      <trkpt lat="1.4052467568409373" lon="103.87192389070677">
        <ele>17.33777916167431</ele>
      </trkpt>
      <trkpt lat="1.4051581305611414" lon="103.87190600240112">
        <ele>17.45403260746571</ele>
      </trkpt>
      <trkpt lat="1.4050695042811028" lon="103.87188811409692">
        <ele>17.570156758467018</ele>
      </trkpt>
      <trkpt lat="1.404980878000821" lon="103.87187022579414">
        <ele>17.686280909468326</ele>
      </trkpt>
      <trkpt lat="1.4048922517202966" lon="103.87185233749281">
        <ele>17.80240506046963</ele>
      </trkpt>
      <trkpt lat="1.40480362543953" lon="103.8718344491929">
        <ele>17.918846750607653</ele>
      </trkpt>
      <trkpt lat="1.4047148362362611" lon="103.87181744101801">
        <ele>18.03646903785025</ele>
      </trkpt>
      <trkpt lat="1.4046256042169598" lon="103.8718028249831">
        <ele>18.155271922197397</ele>
      </trkpt>
      <trkpt lat="1.4045363721974675" lon="103.87178820894938">
        <ele>18.274937864512378</ele>
      </trkpt>
      <trkpt lat="1.4044471401777845" lon="103.87177359291688">
        <ele>18.394603806827323</ele>
      </trkpt>
      <trkpt lat="1.40435790815791" lon="103.87175897688556">
        <ele>18.514269749142304</ele>
      </trkpt>
      <trkpt lat="1.4042686761378447" lon="103.87174436085544">
        <ele>18.633935691457264</ele>
      </trkpt>
      <trkpt lat="1.404179444117588" lon="103.87172974482652">
        <ele>18.753601633772245</ele>
      </trkpt>
      <trkpt lat="1.404090212097141" lon="103.8717151287988">
        <ele>18.8732675760872</ele>
      </trkpt>
      <trkpt lat="1.4040009800765023" lon="103.87170051277229">
        <ele>18.992969755013185</ele>
      </trkpt>
      <trkpt lat="1.4039117318358585" lon="103.87168600150244">
        <ele>19.11333144940887</ele>
      </trkpt>
      <trkpt lat="1.4038222046101383" lon="103.8716732920544">
        <ele>19.234352659274254</ele>
      </trkpt>
      <trkpt lat="1.4037326773842536" lon="103.87166058260742">
        <ele>19.355997147998348</ele>
      </trkpt>
      <trkpt lat="1.4036431501582032" lon="103.87164787316149">
        <ele>19.477270585171663</ele>
      </trkpt>
      <trkpt lat="1.403553789752379" lon="103.87163409239069">
        <ele>19.597828877324016</ele>
      </trkpt>
      <trkpt lat="1.4034645841110938" lon="103.87161931824753">
        <ele>19.72095763470205</ele>
      </trkpt>
      <trkpt lat="1.4033744976899845" lon="103.87161511616458">
        <ele>19.853788891670202</ele>
      </trkpt>
      <trkpt lat="1.4032912054209195" lon="103.8716483354186">
        <ele>19.947898216851744</ele>
      </trkpt>
      <trkpt lat="1.4032086671896138" lon="103.87168506101123">
        <ele>19.998888913899563</ele>
      </trkpt>
      <trkpt lat="1.4031261289577417" lon="103.87172178660136">
        <ele>20.0</ele>
      </trkpt>
      <trkpt lat="1.4030435907253023" lon="103.87175851218898">
        <ele>20.0</ele>
      </trkpt>
      <trkpt lat="1.4029574149207837" lon="103.87178415451604">
        <ele>20.0</ele>
      </trkpt>
      <trkpt lat="1.4028696783632935" lon="103.87180594684">
        <ele>20.0</ele>
      </trkpt>
      <trkpt lat="1.402781941805578" lon="103.87182773916244">
        <ele>20.0</ele>
      </trkpt>
      <trkpt lat="1.4026945234992017" lon="103.87185075570609">
        <ele>20.0</ele>
      </trkpt>
      <trkpt lat="1.4026067812721317" lon="103.87187242451118">
        <ele>20.0</ele>
      </trkpt>
      <trkpt lat="1.4025183520182094" lon="103.87189125085051">
        <ele>20.0</ele>
      </trkpt>
      <trkpt lat="1.4024342717606455" lon="103.87192408899676">
        <ele>20.0</ele>
      </trkpt>
      <trkpt lat="1.4023566997386552" lon="103.87196619633148">
        <ele>20.0</ele>
      </trkpt>
      <trkpt lat="1.4023024370240171" lon="103.87203808226468">
        <ele>20.0</ele>
      </trkpt>
      <trkpt lat="1.4022557131919438" lon="103.87211489024162">
        <ele>20.0</ele>
      </trkpt>
      <trkpt lat="1.402210697281774" lon="103.87219282477542">
        <ele>20.0</ele>
      </trkpt>
      <trkpt lat="1.4021651281973366" lon="103.87227044195262">
        <ele>20.0</ele>
      </trkpt>
      <trkpt lat="1.4021209097514853" lon="103.87234882325116">
        <ele>20.0</ele>
      </trkpt>
      <trkpt lat="1.4020526980098937" lon="103.8724044946376">
        <ele>20.0</ele>
      </trkpt>
      <trkpt lat="1.4019727261759671" lon="103.8724460652916">
        <ele>20.0</ele>
      </trkpt>
      <trkpt lat="1.4018898538746458" lon="103.87248204046668">
        <ele>20.0</ele>
      </trkpt>
      <trkpt lat="1.4018069815727805" lon="103.87251801563929">
        <ele>20.0</ele>
      </trkpt>
      <trkpt lat="1.401728321570948" lon="103.87252371630235">
        <ele>20.0</ele>
      </trkpt>
      <trkpt lat="1.401679719237237" lon="103.87245975585522">
        <ele>20.0</ele>
      </trkpt>
      <trkpt lat="1.401589282854117" lon="103.87245975435424">
        <ele>20.0</ele>
      </trkpt>
      <trkpt lat="1.4014988570044489" lon="103.87245887103933">
        <ele>20.0</ele>
      </trkpt>
      <trkpt lat="1.401408446285674" lon="103.87245673043331">
        <ele>20.0</ele>
      </trkpt>
      <trkpt lat="1.4013180355676107" lon="103.87245458979469">
        <ele>20.0</ele>
      </trkpt>
      <trkpt lat="1.4012276248469098" lon="103.87245244926311">
        <ele>20.0</ele>
      </trkpt>
      <trkpt lat="1.4011372087114429" lon="103.87245078239582">
        <ele>20.0</ele>
      </trkpt>
      <trkpt lat="1.4010484922061255" lon="103.87245774141626">
        <ele>20.0</ele>
      </trkpt>
      <trkpt lat="1.400958067724912" lon="103.8724591705854">
        <ele>20.0</ele>
      </trkpt>
      <trkpt lat="1.4008676313412316" lon="103.87245916908523">
        <ele>20.0</ele>
      </trkpt>
      <trkpt lat="1.4007771949574819" lon="103.87245916758513">
        <ele>20.0</ele>
      </trkpt>
      <trkpt lat="1.4006867585736618" lon="103.87245916608515">
        <ele>20.0</ele>
      </trkpt>
      <trkpt lat="1.4005963221897713" lon="103.87245916458524">
        <ele>20.0</ele>
      </trkpt>
      <trkpt lat="1.4005173544775362" lon="103.87249839686528">
        <ele>20.0</ele>
      </trkpt>
      <trkpt lat="1.400489720141893" lon="103.87252595080054">
        <ele>20.0</ele>
      </trkpt>
      <trkpt lat="1.4004918331861413" lon="103.87243611716157">
        <ele>20.0</ele>
      </trkpt>
      <trkpt lat="1.4004939462269292" lon="103.87234628352238">
        <ele>20.0</ele>
      </trkpt>
      <trkpt lat="1.4004960592642572" lon="103.8722564498829">
        <ele>20.0</ele>
      </trkpt>
      <trkpt lat="1.4004981722981247" lon="103.87216661624318">
        <ele>20.0</ele>
      </trkpt>
      <trkpt lat="1.4004961768373063" lon="103.87208276330685">
        <ele>20.0</ele>
      </trkpt>
      <trkpt lat="1.4004127498591632" lon="103.87211744969093">
        <ele>20.0</ele>
      </trkpt>
      <trkpt lat="1.4003258404201748" lon="103.87213577145522">
        <ele>20.0</ele>
      </trkpt>
      <trkpt lat="1.4002354083115371" lon="103.87213489766077">
        <ele>20.0</ele>
      </trkpt>
      <trkpt lat="1.400147189366395" lon="103.87212654451707">
        <ele>20.0</ele>
      </trkpt>
      <trkpt lat="1.4000695933854252" lon="103.87208143449787">
        <ele>20.0</ele>
      </trkpt>
      <trkpt lat="1.399995205043031" lon="103.87209311657318">
        <ele>20.0</ele>
      </trkpt>
      <trkpt lat="1.3999391933560854" lon="103.87215295352456">
        <ele>20.0</ele>
      </trkpt>
      <trkpt lat="1.3998524010103677" lon="103.87217820419103">
        <ele>20.0</ele>
      </trkpt>
      <trkpt lat="1.399766224278227" lon="103.87220535001777">
        <ele>20.0</ele>
      </trkpt>
      <trkpt lat="1.3996809517675648" lon="103.87223527948173">
        <ele>20.0</ele>
      </trkpt>
      <trkpt lat="1.3995966409757687" lon="103.8722675179356">
        <ele>20.0</ele>
      </trkpt>
      <trkpt lat="1.3995150203187077" lon="103.87230621513358">
        <ele>20.0</ele>
      </trkpt>
      <trkpt lat="1.399433399661023" lon="103.87234491232896">
        <ele>20.0</ele>
      </trkpt>
      <trkpt lat="1.3993542246584292" lon="103.87238814429574">
        <ele>20.0</ele>
      </trkpt>
      <trkpt lat="1.3992765933895508" lon="103.87243423867697">
        <ele>20.0</ele>
      </trkpt>
      <trkpt lat="1.3991987987102488" lon="103.87248005974651">
        <ele>19.999999999999996</ele>
      </trkpt>
      <trkpt lat="1.3991209280825874" lon="103.87252575378794">
        <ele>19.999999999999996</ele>
      </trkpt>
      <trkpt lat="1.3990430574540638" lon="103.87257144782645">
        <ele>20.0</ele>
      </trkpt>
      <trkpt lat="1.3989651868246784" lon="103.87261714186195">
        <ele>20.0</ele>
      </trkpt>
      <trkpt lat="1.3988860548812603" lon="103.87266049792359">
        <ele>20.0</ele>
      </trkpt>
      <trkpt lat="1.3988046480212506" lon="103.87269963719693">
        <ele>20.0</ele>
      </trkpt>
      <trkpt lat="1.398723241160604" lon="103.87273877646763">
        <ele>20.0</ele>
      </trkpt>
      <trkpt lat="1.398641834299321" lon="103.87277791573568">
        <ele>20.0</ele>
      </trkpt>
      <trkpt lat="1.3985604274374015" lon="103.87281705500111">
        <ele>20.0</ele>
      </trkpt>
      <trkpt lat="1.3984787724757217" lon="103.87285567732921">
        <ele>20.0</ele>
      </trkpt>
      <trkpt lat="1.3983954759135877" lon="103.87284491945977">
        <ele>20.0</ele>
      </trkpt>
      <trkpt lat="1.3983248287536671" lon="103.87286354752085">
        <ele>20.0</ele>
      </trkpt>
      <trkpt lat="1.3982913384114057" lon="103.87294617499651">
        <ele>20.0</ele>
      </trkpt>
      <trkpt lat="1.398207721691362" lon="103.87298040731974">
        <ele>20.0</ele>
      </trkpt>
      <trkpt lat="1.3981228150744835" lon="103.87301123311008">
        <ele>20.0</ele>
      </trkpt>
      <trkpt lat="1.3980362423372472" lon="103.87303717282295">
        <ele>20.0</ele>
      </trkpt>
      <trkpt lat="1.3979483950501168" lon="103.87305845427831">
        <ele>20.0</ele>
      </trkpt>
      <trkpt lat="1.3978596139941208" lon="103.87307549766935">
        <ele>20.0</ele>
      </trkpt>
      <trkpt lat="1.3977700681559966" lon="103.87308795593313">
        <ele>20.0</ele>
      </trkpt>
      <trkpt lat="1.397679986907631" lon="103.873095710269">
        <ele>20.0</ele>
      </trkpt>
      <trkpt lat="1.3975896396460694" lon="103.87309844905835">
        <ele>20.0</ele>
      </trkpt>
      <trkpt lat="1.3974992412895193" lon="103.87309736202613">
        <ele>20.0</ele>
      </trkpt>
      <trkpt lat="1.3974089920792467" lon="103.87309159917523">
        <ele>20.0</ele>
      </trkpt>
      <trkpt lat="1.3973189716315755" lon="103.87308299092659">
        <ele>20.0</ele>
      </trkpt>
      <trkpt lat="1.397231176477701" lon="103.8730615317681">
        <ele>20.0</ele>
      </trkpt>
      <trkpt lat="1.397143436993252" lon="103.87303975112259">
        <ele>20.0</ele>
      </trkpt>
      <trkpt lat="1.3970537974331998" lon="103.87302894355037">
        <ele>20.0</ele>
      </trkpt>
      <trkpt lat="1.3969637769125292" lon="103.87302033605317">
        <ele>20.0</ele>
      </trkpt>
      <trkpt lat="1.3968737563917386" lon="103.87301172855673">
        <ele>20.0</ele>
      </trkpt>
      <trkpt lat="1.3967835436311413" lon="103.87300839162808">
        <ele>20.0</ele>
      </trkpt>
      <trkpt lat="1.396693132187539" lon="103.8730105019185">
        <ele>20.0</ele>
      </trkpt>
      <trkpt lat="1.396602739213783" lon="103.8730121058474">
        <ele>20.0</ele>
      </trkpt>
      <trkpt lat="1.3965127187192758" lon="103.87300349807792">
        <ele>20.0</ele>
      </trkpt>
      <trkpt lat="1.396422698224649" lon="103.87299489030922">
        <ele>20.0</ele>
      </trkpt>
      <trkpt lat="1.3963326777299025" lon="103.87298628254128">
        <ele>20.0</ele>
      </trkpt>
      <trkpt lat="1.396242657235036" lon="103.87297767477406">
        <ele>20.0</ele>
      </trkpt>
      <trkpt lat="1.3961526367400499" lon="103.87296906700762">
        <ele>20.0</ele>
      </trkpt>
      <trkpt lat="1.396062616244944" lon="103.87296045924192">
        <ele>20.0</ele>
      </trkpt>
      <trkpt lat="1.3959725957497184" lon="103.87295185147697">
        <ele>20.0</ele>
      </trkpt>
      <trkpt lat="1.3958825752543733" lon="103.87294324371278">
        <ele>20.0</ele>
      </trkpt>
      <trkpt lat="1.3957925547589083" lon="103.87293463594933">
        <ele>20.0</ele>
      </trkpt>
      <trkpt lat="1.3957025342611296" lon="103.87292602820929">
        <ele>20.0</ele>
      </trkpt>
      <trkpt lat="1.395612513752517" lon="103.87291742058062">
        <ele>20.0</ele>
      </trkpt>
      <trkpt lat="1.3955235990586283" lon="103.87290544466916">
        <ele>20.0</ele>
      </trkpt>
      <trkpt lat="1.395445785624189" lon="103.87285965460715">
        <ele>20.0</ele>
      </trkpt>
      <trkpt lat="1.3953707068936076" lon="103.87280997579379">
        <ele>20.0</ele>
      </trkpt>
      <trkpt lat="1.39531971922892" lon="103.87274965842461">
        <ele>20.0</ele>
      </trkpt>
      <trkpt lat="1.3953086186083983" lon="103.8728388369126">
        <ele>20.0</ele>
      </trkpt>
      <trkpt lat="1.3952975179844986" lon="103.87292801539968">
        <ele>20.0</ele>
      </trkpt>
      <trkpt lat="1.3952864173572197" lon="103.87301719388583">
        <ele>20.0</ele>
      </trkpt>
      <trkpt lat="1.3952753167265621" lon="103.87310637237103">
        <ele>20.0</ele>
      </trkpt>
      <trkpt lat="1.3952490309913674" lon="103.87318701198443">
        <ele>20.0</ele>
      </trkpt>
      <trkpt lat="1.3951945699158328" lon="103.87325797401228">
        <ele>20.0</ele>
      </trkpt>
      <trkpt lat="1.3951739251782957" lon="103.87334468586054">
        <ele>20.0</ele>
      </trkpt>
      <trkpt lat="1.3951663477415808" lon="103.87343422785504">
        <ele>20.0</ele>
      </trkpt>
      <trkpt lat="1.3951587703014534" lon="103.87352376984889">
        <ele>20.0</ele>
      </trkpt>
      <trkpt lat="1.3951511928579132" lon="103.87361331184206">
        <ele>20.0</ele>
      </trkpt>
      <trkpt lat="1.3951743063488125" lon="103.87369320051626">
        <ele>20.0</ele>
      </trkpt>
      <trkpt lat="1.3951460188434104" lon="103.87377204608612">
        <ele>20.0</ele>
      </trkpt>
      <trkpt lat="1.3951305329694572" lon="103.87385750755254">
        <ele>20.0</ele>
      </trkpt>
      <trkpt lat="1.395122961220198" lon="103.87394705001984">
        <ele>20.0</ele>
      </trkpt>
      <trkpt lat="1.3951153907816396" lon="103.87403659259598">
        <ele>20.0</ele>
      </trkpt>
      <trkpt lat="1.3951078413565556" lon="103.8741261369234">
        <ele>20.0</ele>
      </trkpt>
      <trkpt lat="1.3951117020943635" lon="103.87421572314472">
        <ele>20.0</ele>
      </trkpt>
      <trkpt lat="1.3951185852751713" lon="103.87430532046382">
        <ele>20.0</ele>
      </trkpt>
      <trkpt lat="1.3951112510860473" lon="103.87439485781887">
        <ele>20.0</ele>
      </trkpt>
      <trkpt lat="1.3951018407329037" lon="103.87448406963492">
        <ele>20.0</ele>
      </trkpt>
      <trkpt lat="1.3950767113379061" lon="103.87457038891995">
        <ele>20.0</ele>
      </trkpt>
      <trkpt lat="1.3950629097399048" lon="103.87465878585003">
        <ele>20.0</ele>
      </trkpt>
      <trkpt lat="1.395055367055517" lon="103.87474833073556">
        <ele>20.0</ele>
      </trkpt>
      <trkpt lat="1.3950478243677171" lon="103.87483787562043">
        <ele>20.0</ele>
      </trkpt>
      <trkpt lat="1.3950410934043722" lon="103.87492748019024">
        <ele>20.0</ele>
      </trkpt>
      <trkpt lat="1.395049764442306" lon="103.87501669223347">
        <ele>20.0</ele>
      </trkpt>
      <trkpt lat="1.3950613318315235" lon="103.87510581212311">
        <ele>20.0</ele>
      </trkpt>
      <trkpt lat="1.395068379268308" lon="103.87519534909032">
        <ele>20.0</ele>
      </trkpt>
      <trkpt lat="1.39507615485767" lon="103.87528486272741">
        <ele>20.0</ele>
      </trkpt>
      <trkpt lat="1.3950880472597293" lon="103.8753739325694">
        <ele>20.0</ele>
      </trkpt>
      <trkpt lat="1.3951164548560735" lon="103.87545856796937">
        <ele>20.0</ele>
      </trkpt>
      <trkpt lat="1.395173443629851" lon="103.8755270976407">
        <ele>20.0</ele>
      </trkpt>
      <trkpt lat="1.3951984357345397" lon="103.87560886567769">
        <ele>20.0</ele>
      </trkpt>
      <trkpt lat="1.3952127399900964" lon="103.87569759251257">
        <ele>20.0</ele>
      </trkpt>
      <trkpt lat="1.3952270442422516" lon="103.8757863193484">
        <ele>20.0</ele>
      </trkpt>
      <trkpt lat="1.3952413484910042" lon="103.87587504618523">
        <ele>20.0</ele>
      </trkpt>
      <trkpt lat="1.3952556527363553" lon="103.87596377302302">
        <ele>20.0</ele>
      </trkpt>
      <trkpt lat="1.3952288736639162" lon="103.87604886885502">
        <ele>20.0</ele>
      </trkpt>
      <trkpt lat="1.395236116932258" lon="103.87613773844616">
        <ele>20.0</ele>
      </trkpt>
      <trkpt lat="1.3952570595882066" lon="103.87622515384382">
        <ele>20.0</ele>
      </trkpt>
      <trkpt lat="1.3952780022408349" lon="103.87631256924291">
        <ele>20.0</ele>
      </trkpt>
      <trkpt lat="1.3952989448901425" lon="103.87639998464346">
        <ele>20.0</ele>
      </trkpt>
      <trkpt lat="1.39531988753613" lon="103.87648740004546">
        <ele>20.0</ele>
      </trkpt>
      <trkpt lat="1.3953408301787966" lon="103.8765748154489">
        <ele>20.0</ele>
      </trkpt>
      <trkpt lat="1.3953617728181422" lon="103.87666223085381">
        <ele>20.0</ele>
      </trkpt>
      <trkpt lat="1.395382715454167" lon="103.87674964626017">
        <ele>20.0</ele>
      </trkpt>
      <trkpt lat="1.3954036537230647" lon="103.87683706269989">
        <ele>20.0</ele>
      </trkpt>
      <trkpt lat="1.3954245887544365" lon="103.8769244799059">
        <ele>19.97653314612464</ele>
      </trkpt>
      <trkpt lat="1.3954455237824872" lon="103.87701189711333">
        <ele>19.910503128594886</ele>
      </trkpt>
      <trkpt lat="1.395466458807216" lon="103.87709931432224">
        <ele>19.801909947410703</ele>
      </trkpt>
      <trkpt lat="1.3954873938286232" lon="103.87718673153259">
        <ele>19.674220456447514</ele>
      </trkpt>
      <trkpt lat="1.3955083288467087" lon="103.87727414874438">
        <ele>19.546530965484305</ele>
      </trkpt>
      <trkpt lat="1.3955292638614716" lon="103.87736156595761">
        <ele>19.41884147452109</ele>
      </trkpt>
      <trkpt lat="1.3955501988729124" lon="103.87744898317231">
        <ele>19.29115198355785</ele>
      </trkpt>
      <trkpt lat="1.395571133881031" lon="103.87753640038844">
        <ele>19.163462492594604</ele>
      </trkpt>
      <trkpt lat="1.395592068885827" lon="103.87762381760604">
        <ele>19.03577087844273</ele>
      </trkpt>
      <trkpt lat="1.3956130087204106" lon="103.87771123368215">
        <ele>18.908075719234905</ele>
      </trkpt>
      <trkpt lat="1.3956339517883318" lon="103.8777986489943">
        <ele>18.78037701497118</ele>
      </trkpt>
      <trkpt lat="1.3956548948529308" lon="103.8778860643079">
        <ele>18.65267688884016</ele>
      </trkpt>
      <trkpt lat="1.395675837914207" lon="103.87797347962295">
        <ele>18.5249767627091</ele>
      </trkpt>
      <trkpt lat="1.3956967809721592" lon="103.87806089493947">
        <ele>18.397276636578045</ele>
      </trkpt>
      <trkpt lat="1.3957177240267886" lon="103.87814831025742">
        <ele>18.26858672546863</ele>
      </trkpt>
      <trkpt lat="1.395741078460434" lon="103.87823496283954">
        <ele>18.134631291658376</ele>
      </trkpt>
      <trkpt lat="1.3957748497376594" lon="103.87831832050136">
        <ele>17.996417348456884</ele>
      </trkpt>
      <trkpt lat="1.3958061666362704" lon="103.87840245566105">
        <ele>17.859159845475187</ele>
      </trkpt>
      <trkpt lat="1.395827185613367" lon="103.87848985299054">
        <ele>17.727134520435794</ele>
      </trkpt>
      <trkpt lat="1.395848204587141" lon="103.87857725032147">
        <ele>17.59933436002905</ele>
      </trkpt>
      <trkpt lat="1.3958692235575916" lon="103.87866464765386">
        <ele>17.468252002534676</ele>
      </trkpt>
      <trkpt lat="1.3958987102367864" lon="103.87874883095252">
        <ele>17.32366417325161</ele>
      </trkpt>
      <trkpt lat="1.39596161532298" lon="103.87881277201964">
        <ele>17.17880312962484</ele>
      </trkpt>
      <trkpt lat="1.3959840240854615" lon="103.87889890688481">
        <ele>17.037588620623</ele>
      </trkpt>
      <trkpt lat="1.396004216384158" lon="103.87898649642943">
        <ele>16.910243920947156</ele>
      </trkpt>
      <trkpt lat="1.3960244086795182" lon="103.87907408597545">
        <ele>16.78353677315228</ele>
      </trkpt>
      <trkpt lat="1.3960446009715417" lon="103.87916167552287">
        <ele>16.68923546838711</ele>
      </trkpt>
      <trkpt lat="1.3960104473117256" lon="103.87923849865335">
        <ele>16.61638163320824</ele>
      </trkpt>
      <trkpt lat="1.3959902659041425" lon="103.87932536178175">
        <ele>16.552215072821298</ele>
      </trkpt>
      <trkpt lat="1.3959923645857109" lon="103.87941518500269">
        <ele>16.464606202999793</ele>
      </trkpt>
      <trkpt lat="1.395993923124294" lon="103.87950502806002">
        <ele>16.366561586486746</ele>
      </trkpt>
      <trkpt lat="1.395991611096588" lon="103.87959482347323">
        <ele>16.27346618325004</ele>
      </trkpt>
      <trkpt lat="1.3959844650191486" lon="103.87968437465845">
        <ele>16.187597325903905</ele>
      </trkpt>
      <trkpt lat="1.3959727769727444" lon="103.8797734543717">
        <ele>16.108706929253785</ele>
      </trkpt>
      <trkpt lat="1.3959579633144077" lon="103.87986209109918">
        <ele>16.03462925653682</ele>
      </trkpt>
      <trkpt lat="1.3959423615973963" lon="103.87995060182239">
        <ele>15.962814606907896</ele>
      </trkpt>
      <trkpt lat="1.3959267532563235" lon="103.88003911139133">
        <ele>15.891472173312359</ele>
      </trkpt>
      <trkpt lat="1.3959111290907664" lon="103.8801276182037">
        <ele>15.820154190326798</ele>
      </trkpt>
      <trkpt lat="1.3958954857586383" lon="103.88021612167194">
        <ele>15.748862079540125</ele>
      </trkpt>
      <trkpt lat="1.3958798333848934" lon="103.88030462356222">
        <ele>15.677586543901961</ele>
      </trkpt>
      <trkpt lat="1.395864181007834" lon="103.88039312545123">
        <ele>15.606316320425078</ele>
      </trkpt>
      <trkpt lat="1.3958485286274611" lon="103.88048162733898">
        <ele>15.535046096948193</ele>
      </trkpt>
      <trkpt lat="1.3958328762437748" lon="103.88057012922542">
        <ele>15.463772720273555</ele>
      </trkpt>
      <trkpt lat="1.3958172292213664" lon="103.88065863204702">
        <ele>15.392494548620325</ele>
      </trkpt>
      <trkpt lat="1.3958015849888257" lon="103.8807471353549">
        <ele>15.321211674857091</ele>
      </trkpt>
      <trkpt lat="1.3957859405949682" lon="103.88083563863394">
        <ele>15.249927252181541</ele>
      </trkpt>
      <trkpt lat="1.3957702961977976" lon="103.88092414191169">
        <ele>15.178629920705148</ele>
      </trkpt>
      <trkpt lat="1.3957546739196869" lon="103.88101264904586">
        <ele>15.107318934592355</ele>
      </trkpt>
      <trkpt lat="1.395739052749288" lon="103.88110115637245">
        <ele>15.035994293843132</ele>
      </trkpt>
      <trkpt lat="1.3957234315755753" lon="103.8811896636978">
        <ele>14.964669000126898</ele>
      </trkpt>
      <trkpt lat="1.3957078103985499" lon="103.88127817102185">
        <ele>14.893343706410661</ele>
      </trkpt>
      <trkpt lat="1.3956921892182113" lon="103.88136667834463">
        <ele>14.822018412694428</ele>
      </trkpt>
      <trkpt lat="1.3956765680345604" lon="103.88145518566611">
        <ele>14.750693118978226</ele>
      </trkpt>
      <trkpt lat="1.3956609468475956" lon="103.88154369298634">
        <ele>14.679367825261991</ele>
      </trkpt>
      <trkpt lat="1.3956453256573187" lon="103.88163220030528">
        <ele>14.60804253154579</ele>
      </trkpt>
      <trkpt lat="1.3956297044637291" lon="103.88172070762293">
        <ele>14.536717237829555</ele>
      </trkpt>
      <trkpt lat="1.395614083266827" lon="103.88180921493931">
        <ele>14.465391944113351</ele>
      </trkpt>
      <trkpt lat="1.3955984620666126" lon="103.8818977222544">
        <ele>14.394066650397141</ele>
      </trkpt>
      <trkpt lat="1.3955828408630857" lon="103.8819862295682">
        <ele>14.322741356680902</ele>
      </trkpt>
      <trkpt lat="1.3955672196562467" lon="103.88207473688074">
        <ele>14.251416062964667</ele>
      </trkpt>
      <trkpt lat="1.395551598446096" lon="103.88216324419199">
        <ele>14.180090769248432</ele>
      </trkpt>
      <trkpt lat="1.3955359772326337" lon="103.88225175150197">
        <ele>14.108765475532232</ele>
      </trkpt>
      <trkpt lat="1.3955203560158587" lon="103.88234025881064">
        <ele>14.037440088660714</ele>
      </trkpt>
      <trkpt lat="1.3955047349542897" lon="103.88242876614567">
        <ele>13.96611262161367</ele>
      </trkpt>
      <trkpt lat="1.3954891172707284" lon="103.8825172740684">
        <ele>13.8947786054956</ele>
      </trkpt>
      <trkpt lat="1.395473507188632" lon="103.88260578331443">
        <ele>13.823438133461835</ele>
      </trkpt>
      <trkpt lat="1.3954578971032243" lon="103.88269429255918">
        <ele>13.767088360695846</ele>
      </trkpt>
      <trkpt lat="1.3954521297270297" lon="103.88272699359948">
        <ele>13.73891347431287</ele>
      </trkpt>
      <trkpt lat="1.3954677398136612" lon="103.8826384843552">
        <ele>13.797078697022329</ele>
      </trkpt>
      <trkpt lat="1.3954833498969814" lon="103.88254997510965">
        <ele>13.868421453143826</ele>
      </trkpt>
      <trkpt lat="1.395498963694905" lon="103.88246146651038">
        <ele>13.939757888912377</ele>
      </trkpt>
      <trkpt lat="1.3955145845270176" lon="103.88237295913564">
        <ele>14.01108777560993</ele>
      </trkpt>
      <trkpt lat="1.3955302057450156" lon="103.88228445182742">
        <ele>14.082413298044202</ele>
      </trkpt>
      <trkpt lat="1.3955458269597016" lon="103.88219594451793">
        <ele>14.153738591760401</ele>
      </trkpt>
      <trkpt lat="1.3955614481710765" lon="103.88210743720715">
        <ele>14.225063885476638</ele>
      </trkpt>
      <trkpt lat="1.3955770693791392" lon="103.88201892989508">
        <ele>14.296389179192841</ele>
      </trkpt>
      <trkpt lat="1.3955926905838898" lon="103.88193042258175">
        <ele>14.367714472909077</ele>
      </trkpt>
      <trkpt lat="1.3956083117853277" lon="103.88184191526713">
        <ele>14.439039766625255</ele>
      </trkpt>
      <trkpt lat="1.3956239329834539" lon="103.88175340795122">
        <ele>14.51036506034149</ele>
      </trkpt>
      <trkpt lat="1.395639554178267" lon="103.88166490063405">
        <ele>14.581690354057692</ele>
      </trkpt>
      <trkpt lat="1.3956551753697681" lon="103.88157639331558">
        <ele>14.653015647773927</ele>
      </trkpt>
      <trkpt lat="1.3956707965579562" lon="103.88148788599584">
        <ele>14.724340941490162</ele>
      </trkpt>
      <trkpt lat="1.3956864177428316" lon="103.88139937867481">
        <ele>14.795666235206397</ele>
      </trkpt>
      <trkpt lat="1.3957020389243946" lon="103.88131087135251">
        <ele>14.866991528922634</ele>
      </trkpt>
      <trkpt lat="1.3957176601026438" lon="103.88122236402893">
        <ele>14.938316822638813</ele>
      </trkpt>
      <trkpt lat="1.3957332812775802" lon="103.88113385670407">
        <ele>15.009642116355046</ele>
      </trkpt>
      <trkpt lat="1.3957489024492036" lon="103.88104534937794">
        <ele>15.080967410071247</ele>
      </trkpt>
      <trkpt lat="1.3957645236175136" lon="103.88095684205051">
        <ele>15.152283441090084</ele>
      </trkpt>
      <trkpt lat="1.3957801605430127" lon="103.8808683374701">
        <ele>15.223585817472461</ele>
      </trkpt>
      <trkpt lat="1.3957958049380947" lon="103.88077983419154">
        <ele>15.294874539218469</ele>
      </trkpt>
      <trkpt lat="1.395811449329863" lon="103.8806913309117">
        <ele>15.366159150245332</ele>
      </trkpt>
      <trkpt lat="1.3958270932398595" lon="103.8806028275471">
        <ele>15.437439059162159</ele>
      </trkpt>
      <trkpt lat="1.39584274562477" lon="103.8805143256611">
        <ele>15.508714265968974</ele>
      </trkpt>
      <trkpt lat="1.3958583980063672" lon="103.88042582377385">
        <ele>15.579984489445858</ele>
      </trkpt>
      <trkpt lat="1.395874050384651" lon="103.8803373218853">
        <ele>15.651254712922777</ele>
      </trkpt>
      <trkpt lat="1.3958897027596207" lon="103.8802488199955">
        <ele>15.72252493639966</ele>
      </trkpt>
      <trkpt lat="1.3959053551312766" lon="103.8801603181044">
        <ele>15.793810923254249</ele>
      </trkpt>
      <trkpt lat="1.3959209806792352" lon="103.88007181153341">
        <ele>15.865117909946775</ele>
      </trkpt>
      <trkpt lat="1.3959365973130278" lon="103.87998330340892">
        <ele>15.936454659410558</ele>
      </trkpt>
      <trkpt lat="1.395952199031264" lon="103.87989479268619">
        <ele>16.00780540826788</ele>
      </trkpt>
      <trkpt lat="1.3959678007461858" lon="103.87980628196216">
        <ele>16.08053104018009</ele>
      </trkpt>
      <trkpt lat="1.395981057116493" lon="103.87971739623791">
        <ele>16.157121771388145</ele>
      </trkpt>
      <trkpt lat="1.3959899191427552" lon="103.87962797578575">
        <ele>16.240122462563093</ele>
      </trkpt>
      <trkpt lat="1.3959941610740665" lon="103.87953822151597">
        <ele>16.33094016072752</ele>
      </trkpt>
      <trkpt lat="1.3959931820534126" lon="103.8794483742087">
        <ele>16.427749838303182</ele>
      </trkpt>
      <trkpt lat="1.3959909062481752" lon="103.8793585448983">
        <ele>16.522549631560256</ele>
      </trkpt>
      <trkpt lat="1.3959985125210315" lon="103.87926946754818">
        <ele>16.589972789265317</ele>
      </trkpt>
      <trkpt lat="1.3960416655870136" lon="103.8791913008846">
        <ele>16.659544896442135</ele>
      </trkpt>
      <trkpt lat="1.396031869018807" lon="103.87910644722021">
        <ele>16.743166139972097</ele>
      </trkpt>
      <trkpt lat="1.3960116767246797" lon="103.87901885767369">
        <ele>16.863430103944413</ele>
      </trkpt>
      <trkpt lat="1.3959914844272159" lon="103.87893126812854">
        <ele>16.990137251739313</ele>
      </trkpt>
      <trkpt lat="1.3959712921264162" lon="103.87884367858481">
        <ele>17.126709235801762</ele>
      </trkpt>
      <trkpt lat="1.3959193362056839" lon="103.8787749198038">
        <ele>17.27150550622208</ele>
      </trkpt>
      <trkpt lat="1.3958768307650047" lon="103.87869697487574">
        <ele>17.416596277531056</ele>
      </trkpt>
      <trkpt lat="1.3958559703549167" lon="103.87860954054956">
        <ele>17.55218655010979</ele>
      </trkpt>
      <trkpt lat="1.395834951382371" lon="103.87852214321808">
        <ele>17.679916873867956</ele>
      </trkpt>
      <trkpt lat="1.3958139324065015" lon="103.87843474588807">
        <ele>17.810009093909077</ele>
      </trkpt>
      <trkpt lat="1.3957873270313355" lon="103.87834911821459">
        <ele>17.945333491892505</ele>
      </trkpt>
      <trkpt lat="1.3957535557552407" lon="103.87826576055191">
        <ele>18.083559754804853</ele>
      </trkpt>
      <trkpt lat="1.3957254617451211" lon="103.87818060713107">
        <ele>18.219460613324298</ele>
      </trkpt>
      <trkpt lat="1.39570451869172" lon="103.8780931918126">
        <ele>18.35009594914281</ele>
      </trkpt>
      <trkpt lat="1.395683575634995" lon="103.87800577649554">
        <ele>18.47779607527383</ele>
      </trkpt>
      <trkpt lat="1.3956626325749468" lon="103.87791836117997">
        <ele>18.605496201404858</ele>
      </trkpt>
      <trkpt lat="1.395641689511576" lon="103.87783094586581">
        <ele>18.73319632753591</ele>
      </trkpt>
      <trkpt lat="1.395620746444882" lon="103.87774353055313">
        <ele>18.860896341572673</ele>
      </trkpt>
      <trkpt lat="1.3955998036300303" lon="103.87765611518154">
        <ele>18.9885928105535</ele>
      </trkpt>
      <trkpt lat="1.3955788686264619" lon="103.87756869796341">
        <ele>19.116285734478378</ele>
      </trkpt>
      <trkpt lat="1.3955579336195707" lon="103.87748128074675">
        <ele>19.243975225441584</ele>
      </trkpt>
      <trkpt lat="1.395536998609358" lon="103.87739386353152">
        <ele>19.371664716404773</ele>
      </trkpt>
      <trkpt lat="1.3955160635958221" lon="103.87730644631775">
        <ele>19.499354207367986</ele>
      </trkpt>
      <trkpt lat="1.3954951285789645" lon="103.87721902910542">
        <ele>19.62704369833123</ele>
      </trkpt>
      <trkpt lat="1.3954741935587847" lon="103.87713161189453">
        <ele>19.754733189294473</ele>
      </trkpt>
      <trkpt lat="1.395453258535283" lon="103.8770441946851">
        <ele>19.879051956517397</ele>
      </trkpt>
      <trkpt lat="1.3954323235084594" lon="103.87695677747712">
        <ele>19.960807560085897</ele>
      </trkpt>
      <trkpt lat="1.3954113884783146" lon="103.87686936027059">
        <ele>20.0</ele>
      </trkpt>
      <trkpt lat="1.3953904530178405" lon="103.87678194316648">
        <ele>20.0</ele>
      </trkpt>
      <trkpt lat="1.3953695103830428" lon="103.8766945277596">
        <ele>20.0</ele>
      </trkpt>
      <trkpt lat="1.395348567744924" lon="103.87660711235415">
        <ele>20.0</ele>
      </trkpt>
      <trkpt lat="1.3953276251034843" lon="103.87651969695018">
        <ele>20.0</ele>
      </trkpt>
      <trkpt lat="1.3953066824587241" lon="103.87643228154764">
        <ele>20.0</ele>
      </trkpt>
      <trkpt lat="1.395285739810643" lon="103.87634486614657">
        <ele>20.0</ele>
      </trkpt>
      <trkpt lat="1.3952647971592418" lon="103.87625745074692">
        <ele>20.0</ele>
      </trkpt>
      <trkpt lat="1.3952438545045196" lon="103.87617003534875">
        <ele>20.0</ele>
      </trkpt>
      <trkpt lat="1.3952270181477382" lon="103.876081907691">
        <ele>20.0</ele>
      </trkpt>
      <trkpt lat="1.3952433693801147" lon="103.8759941921385">
        <ele>20.0</ele>
      </trkpt>
      <trkpt lat="1.3952466334049662" lon="103.87590782761868">
        <ele>20.0</ele>
      </trkpt>
      <trkpt lat="1.3952323291574698" lon="103.87581910078151">
        <ele>20.0</ele>
      </trkpt>
      <trkpt lat="1.3952180249065722" lon="103.87573037394529">
        <ele>20.0</ele>
      </trkpt>
      <trkpt lat="1.395203720652272" lon="103.87564164711006">
        <ele>20.0</ele>
      </trkpt>
      <trkpt lat="1.3951894163945704" lon="103.87555292027581">
        <ele>20.0</ele>
      </trkpt>
      <trkpt lat="1.3951334310843952" lon="103.87548714050591">
        <ele>20.0</ele>
      </trkpt>
      <trkpt lat="1.3950945801377408" lon="103.87540638564366">
        <ele>20.0</ele>
      </trkpt>
      <trkpt lat="1.3950802849293147" lon="103.8753178013529">
        <ele>20.0</ele>
      </trkpt>
      <trkpt lat="1.3950707511901712" lon="103.87522845907837">
        <ele>20.0</ele>
      </trkpt>
      <trkpt lat="1.395065133633514" lon="103.87513878232367">
        <ele>20.0</ele>
      </trkpt>
      <trkpt lat="1.395054038184569" lon="103.87504961888573">
        <ele>20.0</ele>
      </trkpt>
      <trkpt lat="1.3950424707931925" lon="103.8749604989966">
        <ele>20.0</ele>
      </trkpt>
      <trkpt lat="1.3950450376100487" lon="103.87487095929332">
        <ele>20.0</ele>
      </trkpt>
      <trkpt lat="1.39505258029911" lon="103.8747814144087">
        <ele>20.0</ele>
      </trkpt>
      <trkpt lat="1.395060122984758" lon="103.87469186952343">
        <ele>20.0</ele>
      </trkpt>
      <trkpt lat="1.3950676656669938" lon="103.87460232463748">
        <ele>20.0</ele>
      </trkpt>
      <trkpt lat="1.3950925563091516" lon="103.87451596156298">
        <ele>20.0</ele>
      </trkpt>
      <trkpt lat="1.3951084252486836" lon="103.87442793822005">
        <ele>20.0</ele>
      </trkpt>
      <trkpt lat="1.3951160737115742" lon="103.87433840219074">
        <ele>20.0</ele>
      </trkpt>
      <trkpt lat="1.3951142451870244" lon="103.87424882619034">
        <ele>20.0</ele>
      </trkpt>
      <trkpt lat="1.3951073620040422" lon="103.87415922887149">
        <ele>20.0</ele>
      </trkpt>
      <trkpt lat="1.3951126015360433" lon="103.87406967606317">
        <ele>20.0</ele>
      </trkpt>
      <trkpt lat="1.3951201637253465" lon="103.87398013279952">
        <ele>20.0</ele>
      </trkpt>
      <trkpt lat="1.395127735475867" lon="103.8738905903325">
        <ele>20.0</ele>
      </trkpt>
      <trkpt lat="1.3951353072229737" lon="103.87380104786479">
        <ele>20.0</ele>
      </trkpt>
      <trkpt lat="1.3951715276463288" lon="103.8737262848603">
        <ele>20.0</ele>
      </trkpt>
      <trkpt lat="1.3951562558825614" lon="103.87364391975791">
        <ele>20.0</ele>
      </trkpt>
      <trkpt lat="1.3951559707040273" lon="103.87355685245366">
        <ele>20.0</ele>
      </trkpt>
      <trkpt lat="1.3951635481454154" lon="103.87346731046007">
        <ele>20.0</ele>
      </trkpt>
      <trkpt lat="1.3951711255833912" lon="103.87337776846582">
        <ele>20.0</ele>
      </trkpt>
      <trkpt lat="1.3951823666119547" lon="103.87328884529731">
        <ele>20.0</ele>
      </trkpt>
      <trkpt lat="1.395225577798459" lon="103.8732106134969">
        <ele>20.0</ele>
      </trkpt>
      <trkpt lat="1.3952712154346494" lon="103.87313932067212">
        <ele>20.0</ele>
      </trkpt>
      <trkpt lat="1.395282316066555" lon="103.87305014218725">
        <ele>20.0</ele>
      </trkpt>
      <trkpt lat="1.3952934166950821" lon="103.87296096370147">
        <ele>20.0</ele>
      </trkpt>
      <trkpt lat="1.3953045173202305" lon="103.87287178521474">
        <ele>20.0</ele>
      </trkpt>
      <trkpt lat="1.3953156179420003" lon="103.87278260672709">
        <ele>20.0</ele>
      </trkpt>
      <trkpt lat="1.3953478181306176" lon="103.8727859152143">
        <ele>20.0</ele>
      </trkpt>
      <trkpt lat="1.3954170363075424" lon="103.8728427367969">
        <ele>20.0</ele>
      </trkpt>
      <trkpt lat="1.3954948497423638" lon="103.87288852685776">
        <ele>20.0</ele>
      </trkpt>
      <trkpt lat="1.3955792543532335" lon="103.87291424036596">
        <ele>20.0</ele>
      </trkpt>
      <trkpt lat="1.3956692748618906" lon="103.87292284799436">
        <ele>20.0</ele>
      </trkpt>
      <trkpt lat="1.3957592953644826" lon="103.87293145568488">
        <ele>20.0</ele>
      </trkpt>
      <trkpt lat="1.395849315859992" lon="103.87294006344804">
        <ele>20.0</ele>
      </trkpt>
      <trkpt lat="1.3959393363553816" lon="103.87294867121196">
        <ele>20.0</ele>
      </trkpt>
      <trkpt lat="1.3960293568506508" lon="103.87295727897663">
        <ele>20.0</ele>
      </trkpt>
      <trkpt lat="1.3961193773458014" lon="103.87296588674205">
        <ele>20.000000000000004</ele>
      </trkpt>
      <trkpt lat="1.396209397840832" lon="103.87297449450823">
        <ele>20.0</ele>
      </trkpt>
      <trkpt lat="1.3962994183357424" lon="103.87298310227516">
        <ele>20.0</ele>
      </trkpt>
      <trkpt lat="1.3963894388305333" lon="103.87299171004283">
        <ele>20.0</ele>
      </trkpt>
      <trkpt lat="1.3964794593252046" lon="103.87300031781125">
        <ele>20.0</ele>
      </trkpt>
      <trkpt lat="1.3965694798197559" lon="103.87300892558044">
        <ele>20.0</ele>
      </trkpt>
      <trkpt lat="1.3966597283515951" lon="103.87301128159626">
        <ele>20.0</ele>
      </trkpt>
      <trkpt lat="1.396750139795222" lon="103.87300917130588">
        <ele>20.0</ele>
      </trkpt>
      <trkpt lat="1.3968404969879564" lon="103.87300854839093">
        <ele>20.0</ele>
      </trkpt>
      <trkpt lat="1.3969305175087912" lon="103.87301715588708">
        <ele>20.0</ele>
      </trkpt>
      <trkpt lat="1.3970205380295058" lon="103.873025763384">
        <ele>20.0</ele>
      </trkpt>
      <trkpt lat="1.3971105585501011" lon="103.87303437088165">
        <ele>20.0</ele>
      </trkpt>
      <trkpt lat="1.3971987598363693" lon="103.87305348458847">
        <ele>20.0</ele>
      </trkpt>
      <trkpt lat="1.397286499320619" lon="103.87307526523506">
        <ele>20.0</ele>
      </trkpt>
      <trkpt lat="1.3973757327025236" lon="103.87308841873124">
        <ele>20.0</ele>
      </trkpt>
      <trkpt lat="1.3974658955437524" lon="103.8730952558586">
        <ele>20.0</ele>
      </trkpt>
      <trkpt lat="1.3975562266284771" lon="103.87309849608057">
        <ele>20.0</ele>
      </trkpt>
      <trkpt lat="1.3976466473025444" lon="103.87309791031714">
        <ele>20.0</ele>
      </trkpt>
      <trkpt lat="1.3977368422856227" lon="103.87309146513509">
        <ele>20.0</ele>
      </trkpt>
      <trkpt lat="1.3978265976252275" lon="103.87308056790032">
        <ele>20.0</ele>
      </trkpt>
      <trkpt lat="1.3979157155361137" lon="103.87306537260747">
        <ele>20.0</ele>
      </trkpt>
      <trkpt lat="1.3980038875496121" lon="103.8730454487345">
        <ele>20.0</ele>
      </trkpt>
      <trkpt lat="1.3980910351304556" lon="103.87302148541974">
        <ele>20.0</ele>
      </trkpt>
      <trkpt lat="1.3981767178801896" lon="103.87299277151934">
        <ele>20.0</ele>
      </trkpt>
      <trkpt lat="1.3982604449859648" lon="103.87295882263146">
        <ele>20.0</ele>
      </trkpt>
      <trkpt lat="1.3983129923817315" lon="103.87289459403151">
        <ele>20.0</ele>
      </trkpt>
      <trkpt lat="1.398371994124624" lon="103.87283370184642">
        <ele>20.0</ele>
      </trkpt>
      <trkpt lat="1.3984468614155088" lon="103.87286412063523">
        <ele>20.0</ele>
      </trkpt>
      <trkpt lat="1.398530350476288" lon="103.87283151557699">
        <ele>20.0</ele>
      </trkpt>
      <trkpt lat="1.3986117573384425" lon="103.87279237631255">
        <ele>20.0</ele>
      </trkpt>
      <trkpt lat="1.3986931641999607" lon="103.87275323704546">
        <ele>20.0</ele>
      </trkpt>
      <trkpt lat="1.3987745710608424" lon="103.87271409777573">
        <ele>19.999999999999996</ele>
      </trkpt>
      <trkpt lat="1.3988559779210872" lon="103.87267495850337">
        <ele>20.0</ele>
      </trkpt>
      <trkpt lat="1.3989364163765625" lon="103.87263402419386">
        <ele>20.0</ele>
      </trkpt>
      <trkpt lat="1.3990142870062665" lon="103.87258833015942">
        <ele>20.0</ele>
      </trkpt>
      <trkpt lat="1.3990921576351079" lon="103.87254263612203">
        <ele>20.0</ele>
      </trkpt>
      <trkpt lat="1.3991700282630881" lon="103.87249694208167">
        <ele>20.0</ele>
      </trkpt>
      <trkpt lat="1.3992478988902057" lon="103.87245124803836">
        <ele>20.0</ele>
      </trkpt>
      <trkpt lat="1.3993255426458886" lon="103.87240517454234">
        <ele>20.0</ele>
      </trkpt>
      <trkpt lat="1.3994032437099264" lon="103.87235920957555">
        <ele>20.0</ele>
      </trkpt>
      <trkpt lat="1.3994848643678417" lon="103.87232051238115">
        <ele>20.0</ele>
      </trkpt>
      <trkpt lat="1.3995664850251328" lon="103.87228181518414">
        <ele>20.0</ele>
      </trkpt>
      <trkpt lat="1.3996494465858031" lon="103.8722463373613">
        <ele>20.0</ele>
      </trkpt>
      <trkpt lat="1.3997347190966074" lon="103.87221640789811">
        <ele>20.0</ele>
      </trkpt>
      <trkpt lat="1.3998203343032438" lon="103.87218753342023">
        <ele>20.0</ele>
      </trkpt>
      <trkpt lat="1.3999071266490672" lon="103.8721622827544">
        <ele>20.0</ele>
      </trkpt>
      <trkpt lat="1.3999819623828047" lon="103.87212359719672">
        <ele>20.0</ele>
      </trkpt>
      <trkpt lat="1.4000366719378783" lon="103.87207576047084">
        <ele>20.0</ele>
      </trkpt>
      <trkpt lat="1.4001189187971235" lon="103.87210884808924">
        <ele>20.0</ele>
      </trkpt>
      <trkpt lat="1.4002019968405905" lon="103.87213457482463">
        <ele>20.0</ele>
      </trkpt>
      <trkpt lat="1.400292428949255" lon="103.87213544861902">
        <ele>20.0</ele>
      </trkpt>
      <trkpt lat="1.4003819265364692" lon="103.87213026508444">
        <ele>20.0</ele>
      </trkpt>
      <trkpt lat="1.4004653535148" lon="103.87209557870125">
        <ele>20.0</ele>
      </trkpt>
      <trkpt lat="1.4004989529886511" lon="103.87213342588531">
        <ele>20.0</ele>
      </trkpt>
      <trkpt lat="1.4004968399560616" lon="103.87222325952513">
        <ele>20.0</ele>
      </trkpt>
      <trkpt lat="1.4004947269200125" lon="103.87231309316469">
        <ele>20.0</ele>
      </trkpt>
      <trkpt lat="1.400492613880503" lon="103.872402926804">
        <ele>20.0</ele>
      </trkpt>
      <trkpt lat="1.400490500837533" lon="103.87249276044305">
        <ele>20.0</ele>
      </trkpt>
      <trkpt lat="1.400489720141893" lon="103.87252595080054">
        <ele>20.0</ele>
      </trkpt>
      <trkpt lat="1.4005592761903778" lon="103.8724712764462">
        <ele>20.0</ele>
      </trkpt>
      <trkpt lat="1.4006476091415296" lon="103.87245916543583">
        <ele>20.0</ele>
      </trkpt>
      <trkpt lat="1.40073804552538" lon="103.87245916693578">
        <ele>20.0</ele>
      </trkpt>
      <trkpt lat="1.4008284819091603" lon="103.87245916843584">
        <ele>20.0</ele>
      </trkpt>
      <trkpt lat="1.4009189182928707" lon="103.87245916993598">
        <ele>20.0</ele>
      </trkpt>
      <trkpt lat="1.4010093481348114" lon="103.87245838512324">
        <ele>20.0</ele>
      </trkpt>
      <trkpt lat="1.401099142231569" lon="103.87245423162904">
        <ele>20.0</ele>
      </trkpt>
      <trkpt lat="1.4011884865242037" lon="103.87245152263839">
        <ele>20.0</ele>
      </trkpt>
      <trkpt lat="1.4012788972449381" lon="103.87245366316985">
        <ele>20.0</ele>
      </trkpt>
      <trkpt lat="1.401369307965387" lon="103.87245580371028">
        <ele>20.0</ele>
      </trkpt>
      <trkpt lat="1.4014597186811668" lon="103.87245794444247">
        <ele>20.0</ele>
      </trkpt>
      <trkpt lat="1.4015501334222875" lon="103.87245975370449">
        <ele>20.0</ele>
      </trkpt>
      <trkpt lat="1.4016405698054382" lon="103.87245975520544">
        <ele>20.0</ele>
      </trkpt>
      <trkpt lat="1.4017124219871446" lon="103.87248816958925">
        <ele>20.0</ele>
      </trkpt>
      <trkpt lat="1.4017711065915626" lon="103.87253358910043">
        <ele>20.0</ele>
      </trkpt>
      <trkpt lat="1.401853978893663" lon="103.87249761392887">
        <ele>20.0</ele>
      </trkpt>
      <trkpt lat="1.4019368511952202" lon="103.87246163875487">
        <ele>20.0</ele>
      </trkpt>
      <trkpt lat="1.4020191268992315" lon="103.87242450684423">
        <ele>20.0</ele>
      </trkpt>
      <trkpt lat="1.4020966771898913" lon="103.8723782780349">
        <ele>20.0</ele>
      </trkpt>
      <trkpt lat="1.4021458183205315" lon="103.87230427778721">
        <ele>20.0</ele>
      </trkpt>
      <trkpt lat="1.4021909706665097" lon="103.87222642484119">
        <ele>20.0</ele>
      </trkpt>
      <trkpt lat="1.402236288780423" lon="103.87214866368177">
        <ele>20.0</ele>
      </trkpt>
      <trkpt lat="1.402281159763545" lon="103.8720706460027">
        <ele>20.0</ele>
      </trkpt>
      <trkpt lat="1.4023332096968248" lon="103.87199731537207">
        <ele>20.0</ele>
      </trkpt>
      <trkpt lat="1.402398133480103" lon="103.87193904939241">
        <ele>20.0</ele>
      </trkpt>
      <trkpt lat="1.4024816866073118" lon="103.87190466708722">
        <ele>20.0</ele>
      </trkpt>
      <trkpt lat="1.4025685007159574" lon="103.87188057433404">
        <ele>20.0</ele>
      </trkpt>
      <trkpt lat="1.4026566958179045" lon="103.87186077807384">
        <ele>20.0</ele>
      </trkpt>
      <trkpt lat="1.4027440789169083" lon="103.87183762609777">
        <ele>20.0</ele>
      </trkpt>
      <trkpt lat="1.4028316976716482" lon="103.87181538062129">
        <ele>20.0</ele>
      </trkpt>
      <trkpt lat="1.4029194342292357" lon="103.87179358829798">
        <ele>20.0</ele>
      </trkpt>
      <trkpt lat="1.4030071707865985" lon="103.87177179597315">
        <ele>20.0</ele>
      </trkpt>
      <trkpt lat="1.4030903985936494" lon="103.87173768491425">
        <ele>20.0</ele>
      </trkpt>
      <trkpt lat="1.4031729368257673" lon="103.87170095932521">
        <ele>20.0</ele>
      </trkpt>
      <trkpt lat="1.4032554750573174" lon="103.87166423373367">
        <ele>19.970275377066077</ele>
      </trkpt>
      <trkpt lat="1.403338013288301" lon="103.8716275081396">
        <ele>19.89409153523841</ele>
      </trkpt>
      <trkpt lat="1.4034257846410347" lon="103.87161511699846">
        <ele>19.777392694880266</ele>
      </trkpt>
      <trkpt lat="1.4035151731022246" lon="103.87162769674212">
        <ele>19.65055094859498</ele>
      </trkpt>
      <trkpt lat="1.4036043942956304" lon="103.87164237130992">
        <ele>19.52962025829539</ele>
      </trkpt>
      <trkpt lat="1.4036939215217523" lon="103.87165508075539">
        <ele>19.408656403618235</ele>
      </trkpt>
      <trkpt lat="1.403783448747709" lon="103.87166779020191">
        <ele>19.28701191489414</ele>
      </trkpt>
      <trkpt lat="1.4038729759734998" lon="103.8716804996495">
        <ele>19.16570520427102</ele>
      </trkpt>
      <trkpt lat="1.4039623520067819" lon="103.87169418557211">
        <ele>19.045058009117607</ele>
      </trkpt>
      <trkpt lat="1.4040515840275036" lon="103.8717088015981">
        <ele>18.925070329433897</ele>
      </trkpt>
      <trkpt lat="1.4041408160480338" lon="103.8717234176253">
        <ele>18.80540438711891</ele>
      </trkpt>
      <trkpt lat="1.4042300480683727" lon="103.87173803365371">
        <ele>18.68573844480396</ele>
      </trkpt>
      <trkpt lat="1.404319280088521" lon="103.8717526496833">
        <ele>18.566072502488968</ele>
      </trkpt>
      <trkpt lat="1.4044085121084777" lon="103.8717672657141">
        <ele>18.446406560174022</ele>
      </trkpt>
      <trkpt lat="1.4044977441282438" lon="103.87178188174609">
        <ele>18.32674061785904</ele>
      </trkpt>
      <trkpt lat="1.4045869761478187" lon="103.87179649777929">
        <ele>18.207074675544092</ele>
      </trkpt>
      <trkpt lat="1.4046762081672026" lon="103.87181111381368">
        <ele>18.087760716956208</ele>
      </trkpt>
      <trkpt lat="1.4047652595913798" lon="103.87182670544297">
        <ele>17.96962735547289</ele>
      </trkpt>
      <trkpt lat="1.4048538858722517" lon="103.87184459374225">
        <ele>17.852674591094136</ele>
      </trkpt>
      <trkpt lat="1.4049425121528811" lon="103.87186248204296">
        <ele>17.73655044009283</ele>
      </trkpt>
      <trkpt lat="1.4050311384332674" lon="103.87188037034511">
        <ele>17.62042628909153</ele>
      </trkpt>
      <trkpt lat="1.4051197647134115" lon="103.87189825864868">
        <ele>17.504302138090225</ele>
      </trkpt>
      <trkpt lat="1.4052083909933122" lon="103.87191614695371">
        <ele>17.388177987088948</ele>
      </trkpt>
      <trkpt lat="1.4052970172729704" lon="103.87193403526017">
        <ele>17.27156320746214</ele>
      </trkpt>
      <trkpt lat="1.405385904317895" lon="103.87195058013795">
        <ele>17.154311273074995</ele>
      </trkpt>
      <trkpt lat="1.405474869240165" lon="103.87196672380192">
        <ele>17.03642218392751</ele>
      </trkpt>
      <trkpt lat="1.4055638341622212" lon="103.87198286746721">
        <ele>16.918386574346528</ele>
      </trkpt>
      <trkpt lat="1.405652799081153" lon="103.87199901114963">
        <ele>16.800350976247483</ele>
      </trkpt>
      <trkpt lat="1.4057417639969205" lon="103.87201515484942">
        <ele>16.68231538963033</ele>
      </trkpt>
      <trkpt lat="1.4058307289124736" lon="103.87203129855052">
        <ele>16.564279808793753</ele>
      </trkpt>
      <trkpt lat="1.405919693827812" lon="103.87204744225293">
        <ele>16.44624422795717</ele>
      </trkpt>
      <trkpt lat="1.4060086587429363" lon="103.87206358595665">
        <ele>16.328208647120587</ele>
      </trkpt>
      <trkpt lat="1.4060976236578462" lon="103.8720797296617">
        <ele>16.21017306628403</ele>
      </trkpt>
      <trkpt lat="1.4061865885725409" lon="103.87209587336805">
        <ele>16.09213748544745</ele>
      </trkpt>
      <trkpt lat="1.4062755534870222" lon="103.87211201707571">
        <ele>15.974170021321264</ele>
      </trkpt>
      <trkpt lat="1.4063644817472343" lon="103.87212834648061">
        <ele>15.857045444001514</ele>
      </trkpt>
      <trkpt lat="1.4064529930982876" lon="103.8721467880212">
        <ele>15.740763753488208</ele>
      </trkpt>
      <trkpt lat="1.4065415044490879" lon="103.8721652295633">
        <ele>15.625256928609359</ele>
      </trkpt>
      <trkpt lat="1.406630015745656" lon="103.87218367136262">
        <ele>15.50975020137714</ele>
      </trkpt>
      <trkpt lat="1.4067185270407798" lon="103.87220211316908">
        <ele>15.39424355503373</ele>
      </trkpt>
      <trkpt lat="1.4068070383451192" lon="103.87222055493216">
        <ele>15.278269912527646</ele>
      </trkpt>
      <trkpt lat="1.4068957936095063" lon="103.872237710303">
        <ele>15.161027545024274</ele>
      </trkpt>
      <trkpt lat="1.4069849691084029" lon="103.87225265970191">
        <ele>15.042803013095847</ele>
      </trkpt>
      <trkpt lat="1.407074004399074" lon="103.87226841571547">
        <ele>14.9240632035549</ele>
      </trkpt>
      <trkpt lat="1.4071630397369637" lon="103.87228417146571">
        <ele>14.805609832033134</ele>
      </trkpt>
      <trkpt lat="1.4072520750802016" lon="103.87229992718623">
        <ele>14.687156354716153</ele>
      </trkpt>
      <trkpt lat="1.4073411104232307" lon="103.87231568290805">
        <ele>14.56870286630451</ele>
      </trkpt>
      <trkpt lat="1.407430145766051" lon="103.87233143863115">
        <ele>14.450249377892838</ele>
      </trkpt>
      <trkpt lat="1.4075191811086623" lon="103.87234719435556">
        <ele>14.33182218194552</ele>
      </trkpt>
      <trkpt lat="1.4076082032146144" lon="103.87236302341788">
        <ele>14.213471004952533</ele>
      </trkpt>
      <trkpt lat="1.4076972002864834" lon="103.87237899118186">
        <ele>14.095195846913944</ele>
      </trkpt>
      <trkpt lat="1.4077861973581394" lon="103.87239495894715">
        <ele>13.976970415365344</ele>
      </trkpt>
      <trkpt lat="1.4078751944295842" lon="103.87241092671374">
        <ele>13.858744983816749</ele>
      </trkpt>
      <trkpt lat="1.4079641915008156" lon="103.87242689448163">
        <ele>13.740519552268148</ele>
      </trkpt>
      <trkpt lat="1.4080531885718357" lon="103.87244286225084">
        <ele>13.622294120719552</ele>
      </trkpt>
      <trkpt lat="1.408142185642643" lon="103.87245883002133">
        <ele>13.504063992934894</ele>
      </trkpt>
      <trkpt lat="1.4082311850634253" lon="103.8724747846685">
        <ele>13.385671299889685</ele>
      </trkpt>
      <trkpt lat="1.408320263488066" lon="103.87249029811879">
        <ele>13.26711604158399</ele>
      </trkpt>
      <trkpt lat="1.408409341912501" lon="103.87250581157036">
        <ele>13.148402914253877</ele>
      </trkpt>
      <trkpt lat="1.4084984203367312" lon="103.8725213250232">
        <ele>13.029689786923754</ele>
      </trkpt>
      <trkpt lat="1.4085874987607558" lon="103.87253683847729">
        <ele>12.910976659593638</ele>
      </trkpt>
      <trkpt lat="1.4086765771845748" lon="103.87255235193265">
        <ele>12.792263532263485</ele>
      </trkpt>
      <trkpt lat="1.4087656556081882" lon="103.8725678653893">
        <ele>12.673550404933371</ele>
      </trkpt>
      <trkpt lat="1.4088547340315962" lon="103.8725833788472">
        <ele>12.554837277603248</ele>
      </trkpt>
      <trkpt lat="1.4089438124547988" lon="103.87259889230639">
        <ele>12.436124150273132</ele>
      </trkpt>
      <trkpt lat="1.4090328908777954" lon="103.87261440576683">
        <ele>12.317403596408852</ele>
      </trkpt>
      <trkpt lat="1.4091219729645652" lon="103.87262989837785">
        <ele>12.198641837531175</ele>
      </trkpt>
      <trkpt lat="1.409211071716188" lon="103.87264529615385">
        <ele>12.079838873640169</ele>
      </trkpt>
      <trkpt lat="1.4093001704676071" lon="103.87266069393112">
        <ele>11.952470168565531</ele>
      </trkpt>
      <trkpt lat="1.4093815456537875" lon="103.8726304157443">
        <ele>11.814143994161734</ele>
      </trkpt>
      <trkpt lat="1.4094590952429245" lon="103.87258418563691">
        <ele>11.66486035042874</ele>
      </trkpt>
      <trkpt lat="1.4095366448311726" lon="103.87253795552652">
        <ele>11.51315120007098</ele>
      </trkpt>
      <trkpt lat="1.4096141944185316" lon="103.8724917254131">
        <ele>11.397444804120655</ele>
      </trkpt>
      <trkpt lat="1.409672068234973" lon="103.87254309358084">
        <ele>11.325478164568414</ele>
      </trkpt>
      <trkpt lat="1.4097257137206858" lon="103.87261543564988">
        <ele>11.295962918775615</ele>
      </trkpt>
      <trkpt lat="1.4097811838148893" lon="103.87268632483912">
        <ele>11.269321110801025</ele>
      </trkpt>
      <trkpt lat="1.4098416814243104" lon="103.87275311717214">
        <ele>11.233255582755874</ele>
      </trkpt>
      <trkpt lat="1.4099081736419514" lon="103.87281392314421">
        <ele>11.190226272029223</ele>
      </trkpt>
      <trkpt lat="1.4099731627089636" lon="103.87287633438744">
        <ele>11.146917595739083</ele>
      </trkpt>
      <trkpt lat="1.4100340409631698" lon="103.8729427843977">
        <ele>11.102717492233111</ele>
      </trkpt>
      <trkpt lat="1.4101015114083328" lon="103.87300206773473">
        <ele>11.05002047780099</ele>
      </trkpt>
      <trkpt lat="1.4101700869923641" lon="103.87303952081315">
        <ele>10.966304371164496</ele>
      </trkpt>
      <trkpt lat="1.410214652774355" lon="103.87296133035714">
        <ele>10.856741389874047</ele>
      </trkpt>
      <trkpt lat="1.4102592185537706" lon="103.87288313989812">
        <ele>10.727765442889543</ele>
      </trkpt>
      <trkpt lat="1.4103037843306099" lon="103.87280494943607">
        <ele>10.598789495905038</ele>
      </trkpt>
      <trkpt lat="1.410348350104874" lon="103.87272675897101">
        <ele>10.469813548920534</ele>
      </trkpt>
      <trkpt lat="1.4103929158765618" lon="103.87264856850291">
        <ele>10.340837601936029</ele>
      </trkpt>
      <trkpt lat="1.4104374816456728" lon="103.87257037803178">
        <ele>10.282728187560194</ele>
      </trkpt>
      <trkpt lat="1.4103723686894245" lon="103.87255514589093">
        <ele>10.30629230337648</ele>
      </trkpt>
      <trkpt lat="1.4102876702731904" lon="103.8725443092374">
        <ele>10.390657314319794</ele>
      </trkpt>
      <trkpt lat="1.4102191798118406" lon="103.8724856290235">
        <ele>10.462310484476086</ele>
      </trkpt>
      <trkpt lat="1.4101541597688478" lon="103.87242346010835">
        <ele>10.509417646692233</ele>
      </trkpt>
      <trkpt lat="1.4100904380832657" lon="103.87235984826573">
        <ele>10.553877761637727</ele>
      </trkpt>
      <trkpt lat="1.4100253235448121" lon="103.87229750422524">
        <ele>10.59779007607555</ele>
      </trkpt>
      <trkpt lat="1.4099609174435124" lon="103.87223442292873">
        <ele>10.640196893835634</ele>
      </trkpt>
      <trkpt lat="1.4098992481035633" lon="103.87216896814522">
        <ele>10.674653498913536</ele>
      </trkpt>
      <trkpt lat="1.409845049720898" lon="103.87209703408655">
        <ele>10.701706529161902</ele>
      </trkpt>
      <trkpt lat="1.4097908517964421" lon="103.8720250996886">
        <ele>10.731032437134848</ele>
      </trkpt>
      <trkpt lat="1.4097370500758724" lon="103.87195287300976">
        <ele>10.771249907148489</ele>
      </trkpt>
      <trkpt lat="1.4096862588414283" lon="103.87187852473072">
        <ele>10.832640530453462</ele>
      </trkpt>
      <trkpt lat="1.4096354676044844" lon="103.87180417645484">
        <ele>10.914539449858786</ele>
      </trkpt>
      <trkpt lat="1.4095865562886145" lon="103.87172860175784">
        <ele>11.013708799378852</ele>
      </trkpt>
      <trkpt lat="1.4095380878777881" lon="103.87165273811993">
        <ele>11.119774900135939</ele>
      </trkpt>
      <trkpt lat="1.4094905892960659" lon="103.87157627663203">
        <ele>11.225652232061913</ele>
      </trkpt>
      <trkpt lat="1.4094437077348525" lon="103.87149943478302">
        <ele>11.331378367226323</ele>
      </trkpt>
      <trkpt lat="1.4093968261709848" lon="103.87142259293705">
        <ele>11.435425054897228</ele>
      </trkpt>
      <trkpt lat="1.409349944604463" lon="103.87134575109411">
        <ele>11.527525634403366</ele>
      </trkpt>
      <trkpt lat="1.4093030630352879" lon="103.87126890925418">
        <ele>11.607680105744743</ele>
      </trkpt>
      <trkpt lat="1.4092561814634585" lon="103.87119206741731">
        <ele>11.677509126417739</ele>
      </trkpt>
      <trkpt lat="1.4092092998874055" lon="103.8711152255844">
        <ele>11.747338147860658</ele>
      </trkpt>
      <trkpt lat="1.4091624183075688" lon="103.8710383837552">
        <ele>11.817167170073454</ele>
      </trkpt>
      <trkpt lat="1.4091155367250792" lon="103.87096154192903">
        <ele>11.886996192608521</ele>
      </trkpt>
      <trkpt lat="1.4090686551399367" lon="103.87088470010589">
        <ele>11.956825215143589</ele>
      </trkpt>
      <trkpt lat="1.4090217735521422" lon="103.87080785828579">
        <ele>12.026654237678656</ele>
      </trkpt>
      <trkpt lat="1.4089748919616956" lon="103.87073101646871">
        <ele>12.096483260213722</ele>
      </trkpt>
      <trkpt lat="1.408928010368597" lon="103.87065417465466">
        <ele>12.166312282748786</ele>
      </trkpt>
      <trkpt lat="1.408881128772847" lon="103.87057733284364">
        <ele>12.236141305283853</ele>
      </trkpt>
      <trkpt lat="1.4088342471744455" lon="103.87050049103564">
        <ele>12.30597032781892</ele>
      </trkpt>
      <trkpt lat="1.4087873655733931" lon="103.87042364923069">
        <ele>12.37579935108345</ele>
      </trkpt>
      <trkpt lat="1.408740483967131" lon="103.8703468074303">
        <ele>12.445628312721192</ele>
      </trkpt>
      <trkpt lat="1.4086936025769912" lon="103.87026996550117">
        <ele>12.515457191870317</ele>
      </trkpt>
      <trkpt lat="1.4086467212573945" lon="103.87019312353097">
        <ele>12.585286160596604</ele>
      </trkpt>
      <trkpt lat="1.408599839328902" lon="103.87011628192897">
        <ele>12.655115158901644</ele>
      </trkpt>
      <trkpt lat="1.4085529578270373" lon="103.87003944007144">
        <ele>12.724944207647255</ele>
      </trkpt>
      <trkpt lat="1.4085060763225232" lon="103.86996259821692">
        <ele>12.794773134038207</ele>
      </trkpt>
      <trkpt lat="1.408459194815359" lon="103.86988575636543">
        <ele>12.864602060429158</ele>
      </trkpt>
      <trkpt lat="1.4084123133055466" lon="103.86980891451698">
        <ele>12.934431743406634</ele>
      </trkpt>
      <trkpt lat="1.408365429138613" lon="103.8697320742705">
        <ele>13.00426219709207</ele>
      </trkpt>
      <trkpt lat="1.4083185449194875" lon="103.86965523405689">
        <ele>13.074103992270325</ele>
      </trkpt>
      <trkpt lat="1.408271623605447" lon="103.86957841620367">
        <ele>13.14395783134141</ele>
      </trkpt>
      <trkpt lat="1.4082246971692627" lon="103.86950160143925">
        <ele>13.212160237881834</ele>
      </trkpt>
      <trkpt lat="1.4081834237547033" lon="103.86942193501875">
        <ele>13.277691609699685</ele>
      </trkpt>
      <trkpt lat="1.4081455681645" lon="103.86934057945595">
        <ele>13.34379662974719</ele>
      </trkpt>
      <trkpt lat="1.4080966164360986" lon="103.86926502285485">
        <ele>13.413057357447578</ele>
      </trkpt>
      <trkpt lat="1.4080443026003757" lon="103.86919191203783">
        <ele>13.488011027234938</ele>
      </trkpt>
      <trkpt lat="1.4079863883142802" lon="103.8691228960337">
        <ele>13.562951570945117</ele>
      </trkpt>
      <trkpt lat="1.4079374386855963" lon="103.86904747093448">
        <ele>13.63655066608905</ele>
      </trkpt>
      <trkpt lat="1.4078899822077071" lon="103.8689709783406">
        <ele>13.707280109639692</ele>
      </trkpt>
      <trkpt lat="1.4078425257271943" lon="103.86889448574979">
        <ele>13.7775998193081</ele>
      </trkpt>
      <trkpt lat="1.4077950692740306" lon="103.86881799314368">
        <ele>13.847919479126526</ele>
      </trkpt>
      <trkpt lat="1.407747612963758" lon="103.86874150045148">
        <ele>13.918239135214213</ele>
      </trkpt>
      <trkpt lat="1.407700156488508" lon="103.8686650078618">
        <ele>13.98855879608547</ele>
      </trkpt>
      <trkpt lat="1.4076527000106351" lon="103.86858851527514">
        <ele>14.059590240733627</ele>
      </trkpt>
      <trkpt lat="1.4076026986999275" lon="103.8685136997234">
        <ele>14.132034661017476</ele>
      </trkpt>
      <trkpt lat="1.4075501892813802" lon="103.86844053942693">
        <ele>14.205892056937074</ele>
      </trkpt>
      <trkpt lat="1.4074976798604169" lon="103.86836737913372">
        <ele>14.280450690834707</ele>
      </trkpt>
      <trkpt lat="1.4074451704370383" lon="103.86829421884376">
        <ele>14.355297194266255</ele>
      </trkpt>
      <trkpt lat="1.4073916099180608" lon="103.86822181587918">
        <ele>14.430460850557944</ele>
      </trkpt>
      <trkpt lat="1.4073379424750005" lon="103.86814948995597">
        <ele>14.505941659709796</ele>
      </trkpt>
      <trkpt lat="1.4072842750295758" lon="103.86807716403602">
        <ele>14.581574809224016</ele>
      </trkpt>
      <trkpt lat="1.4072301544708659" lon="103.86800517560604">
        <ele>14.657907477885738</ele>
      </trkpt>
      <trkpt lat="1.4071738783881462" lon="103.86793488741647">
        <ele>14.735781199068379</ele>
      </trkpt>
      <trkpt lat="1.407114430968056" lon="103.86786717060339">
        <ele>14.81578821739148</ele>
      </trkpt>
      <trkpt lat="1.4070521910588214" lon="103.86780199041476">
        <ele>14.897789012729858</ele>
      </trkpt>
      <trkpt lat="1.4069881985679595" lon="103.86773852926075">
        <ele>14.981369120726834</ele>
      </trkpt>
      <trkpt lat="1.4069224759891057" lon="103.86767681028492">
        <ele>15.066453152533379</ele>
      </trkpt>
      <trkpt lat="1.4068540695234704" lon="103.86761803349502">
        <ele>15.152424880556879</ele>
      </trkpt>
      <trkpt lat="1.4067864243429473" lon="103.86755839855797">
        <ele>15.236705321324358</ele>
      </trkpt>
      <trkpt lat="1.4067191512289785" lon="103.86749834421485">
        <ele>15.316322432681416</ele>
      </trkpt>
      <trkpt lat="1.406651935024558" lon="103.86743822713204">
        <ele>15.391408929435888</ele>
      </trkpt>
      <trkpt lat="1.4065848815012447" lon="103.86737793095749">
        <ele>15.464045622914618</ele>
      </trkpt>
      <trkpt lat="1.4065180761308027" lon="103.86731736331886">
        <ele>15.536564642465395</ele>
      </trkpt>
      <trkpt lat="1.4064512707586565" lon="103.8672567956837">
        <ele>15.609012558886809</ele>
      </trkpt>
      <trkpt lat="1.4063844653848059" lon="103.86719622805198">
        <ele>15.67999911836369</ele>
      </trkpt>
      <trkpt lat="1.4063226877303963" lon="103.86713071485342">
        <ele>15.749089561025215</ele>
      </trkpt>
      <trkpt lat="1.40626240584228" lon="103.86706373033023">
        <ele>15.816283886871362</ele>
      </trkpt>
      <trkpt lat="1.406202123952114" lon="103.86699674581047">
        <ele>15.883043452846659</ele>
      </trkpt>
      <trkpt lat="1.4061418420599" lon="103.86692976129412">
        <ele>15.949803018821937</ele>
      </trkpt>
      <trkpt lat="1.4060815601656367" lon="103.8668627767812">
        <ele>16.01656258479723</ele>
      </trkpt>
      <trkpt lat="1.406021278269326" lon="103.86679579227173">
        <ele>16.083322150772528</ele>
      </trkpt>
      <trkpt lat="1.405960996370967" lon="103.86672880776567">
        <ele>16.150081716747824</ele>
      </trkpt>
      <trkpt lat="1.40590071447056" lon="103.86666182326303">
        <ele>16.2168412827231</ele>
      </trkpt>
      <trkpt lat="1.4058404325681062" lon="103.86659483876385">
        <ele>16.2836008486984</ele>
      </trkpt>
      <trkpt lat="1.405780150663604" lon="103.86652785426807">
        <ele>16.350350220305344</ele>
      </trkpt>
      <trkpt lat="1.4057199033905814" lon="103.86646083911857">
        <ele>16.418149271297555</ele>
      </trkpt>
      <trkpt lat="1.4056558731350595" lon="103.86639860434377">
        <ele>16.48704011642991</ele>
      </trkpt>
      <trkpt lat="1.4055918556666067" lon="103.86633513379795">
        <ele>16.557032950070777</ele>
      </trkpt>
      <trkpt lat="1.4055278381963012" lon="103.86627166325559">
        <ele>16.627067898466546</ele>
      </trkpt>
      <trkpt lat="1.4054638207241423" lon="103.86620819271668">
        <ele>16.697102846862318</ele>
      </trkpt>
      <trkpt lat="1.4053998032501307" lon="103.86614472218123">
        <ele>16.767137795258083</ele>
      </trkpt>
      <trkpt lat="1.4053357857742672" lon="103.86608125164925">
        <ele>16.83713501823836</ele>
      </trkpt>
      <trkpt lat="1.405271895511562" lon="103.86601767597666">
        <ele>16.9073012391314</ele>
      </trkpt>
      <trkpt lat="1.4052072950047554" lon="103.86595479135791">
        <ele>16.977636413579123</ele>
      </trkpt>
      <trkpt lat="1.405142694649343" lon="103.86589190658722">
        <ele>17.04817817489247</ele>
      </trkpt>
      <trkpt lat="1.4050780946102432" lon="103.86582902149733">
        <ele>17.11872000393203</ele>
      </trkpt>
      <trkpt lat="1.4050134938640466" lon="103.8657661371262">
        <ele>17.189261803693956</ele>
      </trkpt>
      <trkpt lat="1.4049488936042984" lon="103.86570325226333">
        <ele>17.259803643172933</ele>
      </trkpt>
      <trkpt lat="1.4048842934225427" lon="103.86564036732305">
        <ele>17.330345474690578</ele>
      </trkpt>
      <trkpt lat="1.4048196926983771" lon="103.86557748293447">
        <ele>17.40080890821824</ele>
      </trkpt>
      <trkpt lat="1.4047553625400966" lon="103.8655143294174">
        <ele>17.470753747635083</ele>
      </trkpt>
      <trkpt lat="1.4046925470906533" lon="103.86544968469443">
        <ele>17.539397054639895</ele>
      </trkpt>
      <trkpt lat="1.4046323996349805" lon="103.86538261044865">
        <ele>17.60530957084603</ele>
      </trkpt>
      <trkpt lat="1.4045772858567205" lon="103.86531177775593">
        <ele>17.66574748213039</ele>
      </trkpt>
      <trkpt lat="1.4045327366094937" lon="103.8652335781759">
        <ele>17.723260228024078</ele>
      </trkpt>
      <trkpt lat="1.4044823859432167" lon="103.86515893898908">
        <ele>17.77951595470859</ele>
      </trkpt>
      <trkpt lat="1.4044315046316682" lon="103.86508465845094">
        <ele>17.838348599529937</ele>
      </trkpt>
      <trkpt lat="1.4043784677246876" lon="103.865011874866">
        <ele>17.896301245778034</ele>
      </trkpt>
      <trkpt lat="1.404330984457361" lon="103.86493565770257">
        <ele>17.95062773272298</ele>
      </trkpt>
      <trkpt lat="1.404291948080764" lon="103.86485461798645">
        <ele>17.99961425715303</ele>
      </trkpt>
      <trkpt lat="1.4042563364590952" lon="103.86477203654616">
        <ele>18.043921557033062</ele>
      </trkpt>
      <trkpt lat="1.4042240213661217" lon="103.86468811669661">
        <ele>18.085136999792812</ele>
      </trkpt>
      <trkpt lat="1.4041948852976083" lon="103.86460305594741">
        <ele>18.123100974032415</ele>
      </trkpt>
      <trkpt lat="1.4041696240633184" lon="103.86451677914897">
        <ele>18.157762413545075</ele>
      </trkpt>
      <trkpt lat="1.4041477641986302" lon="103.86442961041591">
        <ele>18.189188420983385</ele>
      </trkpt>
      <trkpt lat="1.4041288255907127" lon="103.8643417630468">
        <ele>18.217164974948403</ele>
      </trkpt>
      <trkpt lat="1.4041143724146214" lon="103.86425307434645">
        <ele>18.241745463790764</ele>
      </trkpt>
      <trkpt lat="1.4041031073905241" lon="103.8641639325805">
        <ele>18.262628144167266</ele>
      </trkpt>
      <trkpt lat="1.4040956529560262" lon="103.86407439165714">
        <ele>18.280137858735007</ele>
      </trkpt>
      <trkpt lat="1.4040916204497595" lon="103.86398463586079">
        <ele>18.29402056169663</ele>
      </trkpt>
      <trkpt lat="1.4040915111503312" lon="103.86389478203729">
        <ele>18.304218137497017</ele>
      </trkpt>
      <trkpt lat="1.4040953339234687" lon="103.86380501820454">
        <ele>18.310829555949997</ele>
      </trkpt>
      <trkpt lat="1.404102230904831" lon="103.86371543754566">
        <ele>18.313886968364788</ele>
      </trkpt>
      <trkpt lat="1.4041129004374384" lon="103.8636262176666">
        <ele>18.313439960085134</ele>
      </trkpt>
      <trkpt lat="1.4041273019181073" lon="103.86353751370163">
        <ele>18.30915357060511</ele>
      </trkpt>
      <trkpt lat="1.4041457364809458" lon="103.86344955105909">
        <ele>18.30118238573078</ele>
      </trkpt>
      <trkpt lat="1.404167429021744" lon="103.86336232139138">
        <ele>18.289716197837695</ele>
      </trkpt>
      <trkpt lat="1.4041922360806027" lon="103.86327593928587">
        <ele>18.274866597291652</ele>
      </trkpt>
      <trkpt lat="1.4042206927259127" lon="103.86319067244237">
        <ele>18.25651768787434</ele>
      </trkpt>
      <trkpt lat="1.4042527038297699" lon="103.86310664016328">
        <ele>18.234527542158897</ele>
      </trkpt>
      <trkpt lat="1.4042882003531592" lon="103.86302400126324">
        <ele>18.208544328655265</ele>
      </trkpt>
      <trkpt lat="1.4043283037884975" lon="103.86294349958223">
        <ele>18.179347493168176</ele>
      </trkpt>
      <trkpt lat="1.40436965579374" lon="103.86286358583916">
        <ele>18.14655918881871</ele>
      </trkpt>
      <trkpt lat="1.404415519235746" lon="103.86278618131686">
        <ele>18.11125694245094</ele>
      </trkpt>
      <trkpt lat="1.4044628485044133" lon="103.86270961243842">
        <ele>18.07303545413941</ele>
      </trkpt>
      <trkpt lat="1.404512558965145" lon="103.8626345481895">
        <ele>18.03342964726051</ele>
      </trkpt>
      <trkpt lat="1.4045623737429422" lon="103.86255955065918">
        <ele>17.99295048084736</ele>
      </trkpt>
      <trkpt lat="1.4046121897547192" lon="103.8624845539363">
        <ele>17.952435686302504</ele>
      </trkpt>
      <trkpt lat="1.404662001579027" lon="103.86240955446573">
        <ele>17.91192356611811</ele>
      </trkpt>
      <trkpt lat="1.4047118087539405" lon="103.86233455194503">
        <ele>17.87140914510645</ele>
      </trkpt>
      <trkpt lat="1.4047616312932165" lon="103.86225955949946">
        <ele>17.830892875682736</ele>
      </trkpt>
      <trkpt lat="1.4048114483602208" lon="103.8621845634623">
        <ele>17.790375244934694</ele>
      </trkpt>
      <trkpt lat="1.404861259394481" lon="103.86210956346711">
        <ele>17.749859931809098</ele>
      </trkpt>
      <trkpt lat="1.40491107534431" lon="103.86203456669358">
        <ele>17.709345393113516</ele>
      </trkpt>
      <trkpt lat="1.4049608902046138" lon="103.86195956920466">
        <ele>17.668830323662082</ele>
      </trkpt>
      <trkpt lat="1.4050107027392162" lon="103.8618845701882">
        <ele>17.628315811231797</ele>
      </trkpt>
      <trkpt lat="1.4050605170998693" lon="103.86180957236749">
        <ele>17.587801506124364</ele>
      </trkpt>
      <trkpt lat="1.405110331364289" lon="103.86173457448203">
        <ele>17.54728683288486</ele>
      </trkpt>
      <trkpt lat="1.4051601449373134" lon="103.8616595761417">
        <ele>17.50677247876588</ele>
      </trkpt>
      <trkpt lat="1.405209958384459" lon="103.86158457771704">
        <ele>17.466258255352937</ele>
      </trkpt>
      <trkpt lat="1.4052597722705045" lon="103.86150957957857">
        <ele>17.425743729793094</ele>
      </trkpt>
      <trkpt lat="1.405309586694568" lon="103.86143458179122">
        <ele>17.385229118203945</ele>
      </trkpt>
      <trkpt lat="1.405359400378917" lon="103.86135958351714">
        <ele>17.344714510335752</ele>
      </trkpt>
      <trkpt lat="1.4054092142472545" lon="103.86128458536211">
        <ele>17.30419997526712</ele>
      </trkpt>
      <trkpt lat="1.405459028457411" lon="103.86120958742956">
        <ele>17.263685133237683</ele>
      </trkpt>
      <trkpt lat="1.4055088430064508" lon="103.86113458971758">
        <ele>17.219707297509224</ele>
      </trkpt>
      <trkpt lat="1.4055683777480776" lon="103.86106704426972">
        <ele>17.174589163808022</ele>
      </trkpt>
      <trkpt lat="1.4056213941312468" lon="103.86099448918733">
        <ele>17.129471278853796</ele>
      </trkpt>
      <trkpt lat="1.4056712079669458" lon="103.86091949100246">
        <ele>17.09067280810735</ele>
      </trkpt>
      <trkpt lat="1.4057128365607392" lon="103.86083980595578">
        <ele>17.055086725998724</ele>
      </trkpt>
      <trkpt lat="1.4057567141192293" lon="103.86076139868393">
        <ele>17.019500298189257</ele>
      </trkpt>
      <trkpt lat="1.405806528929404" lon="103.86068640113339">
        <ele>16.98105732879898</ele>
      </trkpt>
      <trkpt lat="1.4058563431202387" lon="103.86061140317506">
        <ele>16.940506589995042</ele>
      </trkpt>
      <trkpt lat="1.4059062585003717" lon="103.86053647292081">
        <ele>16.89877272933439</ele>
      </trkpt>
      <trkpt lat="1.4059594200949972" lon="103.8604637970854">
        <ele>16.8551377702013</ele>
      </trkpt>
      <trkpt lat="1.4060146032919587" lon="103.86039260649605">
        <ele>16.80969126172073</ele>
      </trkpt>
      <trkpt lat="1.4060696352538518" lon="103.86032130010072">
        <ele>16.76369231139741</ele>
      </trkpt>
      <trkpt lat="1.4061243530288403" lon="103.86024976560299">
        <ele>16.7187934658416</ele>
      </trkpt>
      <trkpt lat="1.4061764349508967" lon="103.86017632277814">
        <ele>16.676368366533506</ele>
      </trkpt>
      <trkpt lat="1.4062244587844859" lon="103.86010025319396">
        <ele>16.635713337878858</ele>
      </trkpt>
      <trkpt lat="1.4062741725100762" lon="103.8600252180645">
        <ele>16.595627392132172</ele>
      </trkpt>
      <trkpt lat="1.4063246449174156" lon="103.85995065582989">
        <ele>16.554683017551724</ele>
      </trkpt>
      <trkpt lat="1.4063751173223973" lon="103.85987609359204">
        <ele>16.513472442443597</ele>
      </trkpt>
      <trkpt lat="1.4064255897250215" lon="103.85980153135098">
        <ele>16.47226186733545</ele>
      </trkpt>
      <trkpt lat="1.4064760621252883" lon="103.85972696910666">
        <ele>16.431930852127277</ele>
      </trkpt>
      <trkpt lat="1.4065201198870398" lon="103.85968500369742">
        <ele>16.395963558950598</ele>
      </trkpt>
      <trkpt lat="1.4065386775742872" lon="103.85977294989891">
        <ele>16.358871033360785</ele>
      </trkpt>
      <trkpt lat="1.4065750518827693" lon="103.859851653797">
        <ele>16.307895906755885</ele>
      </trkpt>
      <trkpt lat="1.4066511399308022" lon="103.85990022237549">
        <ele>16.239554017004377</ele>
      </trkpt>
      <trkpt lat="1.4067272279777074" lon="103.85994879095718">
        <ele>16.159334318550936</ele>
      </trkpt>
      <trkpt lat="1.4068033160234859" lon="103.85999735954202">
        <ele>16.079114620097496</ele>
      </trkpt>
      <trkpt lat="1.4068794040681365" lon="103.86004592813005">
        <ele>15.998894921644052</ele>
      </trkpt>
      <trkpt lat="1.40695549211166" lon="103.86009449672125">
        <ele>15.918583757204013</ele>
      </trkpt>
      <trkpt lat="1.4070319219621288" lon="103.86014251866644">
        <ele>15.83788663610992</ele>
      </trkpt>
      <trkpt lat="1.4071094523221268" lon="103.86018878058258">
        <ele>15.756803558361751</ele>
      </trkpt>
      <trkpt lat="1.4071869826810914" lon="103.86023504250181">
        <ele>15.675425989946083</ele>
      </trkpt>
      <trkpt lat="1.4072645130390213" lon="103.86028130442412">
        <ele>15.595838389956944</ele>
      </trkpt>
      <trkpt lat="1.407336064993879" lon="103.86033205174016">
        <ele>15.515100582461114</ele>
      </trkpt>
      <trkpt lat="1.4074180854072689" lon="103.8603697634213">
        <ele>15.432682842878947</ele>
      </trkpt>
      <trkpt lat="1.4075022926725422" lon="103.8604024973733">
        <ele>15.346259308989936</ele>
      </trkpt>
      <trkpt lat="1.4075889508635857" lon="103.86042810992818">
        <ele>15.258497514337813</ele>
      </trkpt>
      <trkpt lat="1.4076770830979182" lon="103.86044811421418">
        <ele>15.169763376448842</ele>
      </trkpt>
      <trkpt lat="1.4077664250683921" lon="103.86046191585439">
        <ele>15.080586152462324</ele>
      </trkpt>
      <trkpt lat="1.4078565724473442" lon="103.86046885438961">
        <ele>14.991374894227468</ele>
      </trkpt>
      <trkpt lat="1.4079469901336534" lon="103.86046978944354">
        <ele>14.902443268121738</ele>
      </trkpt>
      <trkpt lat="1.4080373812843479" lon="103.86046695681071">
        <ele>14.813800672511285</ele>
      </trkpt>
      <trkpt lat="1.4081277708174995" lon="103.86046406460825">
        <ele>14.72531069793638</ele>
      </trkpt>
      <trkpt lat="1.4082181603505814" lon="103.86046117240564">
        <ele>14.636823485072957</ele>
      </trkpt>
      <trkpt lat="1.4083085498835934" lon="103.86045828020285">
        <ele>14.548277587727165</ele>
      </trkpt>
      <trkpt lat="1.4083989596149684" lon="103.86045677768901">
        <ele>14.459513283583258</ele>
      </trkpt>
      <trkpt lat="1.4084892628631331" lon="103.86046046884164">
        <ele>14.370452526302387</ele>
      </trkpt>
      <trkpt lat="1.4085790032086076" lon="103.86047116343914">
        <ele>14.281276131224276</ele>
      </trkpt>
      <trkpt lat="1.4086675430479825" lon="103.86048909230963">
        <ele>14.192430324604873</ele>
      </trkpt>
      <trkpt lat="1.4087544326740251" lon="103.86051379942982">
        <ele>14.104472993926942</ele>
      </trkpt>
      <trkpt lat="1.4088390860645141" lon="103.8605452473">
        <ele>14.017942487865788</ele>
      </trkpt>
      <trkpt lat="1.4089209740404425" lon="103.86058324046463">
        <ele>13.933389129890829</ele>
      </trkpt>
      <trkpt lat="1.4089995854259203" lon="103.86062754060978">
        <ele>13.851778198268079</ele>
      </trkpt>
      <trkpt lat="1.4090728770094392" lon="103.86067977295986">
        <ele>13.773927012227253</ele>
      </trkpt>
      <trkpt lat="1.4091408514574806" lon="103.86073904201409">
        <ele>13.698696119034585</ele>
      </trkpt>
      <trkpt lat="1.409209890236565" lon="103.86079708438882">
        <ele>13.624640671795902</ele>
      </trkpt>
      <trkpt lat="1.4092789280528843" lon="103.86085512789577">
        <ele>13.550282871748799</ele>
      </trkpt>
      <trkpt lat="1.4093479658676387" lon="103.86091317140617">
        <ele>13.475714116084717</ele>
      </trkpt>
      <trkpt lat="1.4094177557713112" lon="103.86097027828096">
        <ele>13.400215770843545</ele>
      </trkpt>
      <trkpt lat="1.4094901040443044" lon="103.86102419450387">
        <ele>13.323776001634153</ele>
      </trkpt>
      <trkpt lat="1.4095624951767036" lon="103.86107805192735">
        <ele>13.245844034754741</ele>
      </trkpt>
      <trkpt lat="1.409637658890496" lon="103.86112801096438">
        <ele>13.16672400199482</ele>
      </trkpt>
      <trkpt lat="1.4097143572650954" lon="103.86117561072582">
        <ele>13.086175748762445</ele>
      </trkpt>
      <trkpt lat="1.4097920038477076" lon="103.8612216474207">
        <ele>13.005379607660997</ele>
      </trkpt>
      <trkpt lat="1.4098680818592741" lon="103.86127023033707">
        <ele>12.92454730791534</ele>
      </trkpt>
      <trkpt lat="1.4099449140236489" lon="103.86131762564601">
        <ele>12.843746450496107</ele>
      </trkpt>
      <trkpt lat="1.410022437953567" lon="103.86136389527961">
        <ele>12.762351583601495</ele>
      </trkpt>
      <trkpt lat="1.4101007454552514" lon="103.86140884347107">
        <ele>12.680382056120274</ele>
      </trkpt>
      <trkpt lat="1.410179752289831" lon="103.86145256684031">
        <ele>12.597844507948222</ele>
      </trkpt>
      <trkpt lat="1.4102594441634264" lon="103.86149504611993">
        <ele>12.514755243715392</ele>
      </trkpt>
      <trkpt lat="1.4103398796978677" lon="103.86153611766943">
        <ele>12.431153861553867</ele>
      </trkpt>
      <trkpt lat="1.4104208808552656" lon="103.86157607633646">
        <ele>12.347046606517415</ele>
      </trkpt>
      <trkpt lat="1.4105025655245382" lon="103.86161463758887">
        <ele>12.262473035977505</ele>
      </trkpt>
      <trkpt lat="1.410584861323076" lon="103.86165189383847">
        <ele>12.17743393739042</ele>
      </trkpt>
      <trkpt lat="1.4106677421160219" lon="103.86168784686136">
        <ele>12.091958933635766</ele>
      </trkpt>
      <trkpt lat="1.4107512134055256" lon="103.86172242492228">
        <ele>12.00607467479801</ele>
      </trkpt>
      <trkpt lat="1.4108352121951908" lon="103.86175571772804">
        <ele>11.919797602298061</ele>
      </trkpt>
      <trkpt lat="1.4109197556570152" lon="103.86178762096343">
        <ele>11.83315667523817</ele>
      </trkpt>
      <trkpt lat="1.411004796440769" lon="103.86181819079754">
        <ele>11.746167967025494</ele>
      </trkpt>
      <trkpt lat="1.411090326186764" lon="103.8618473832576">
        <ele>11.658856891236463</ele>
      </trkpt>
      <trkpt lat="1.4111763227888083" lon="103.86187518808377">
        <ele>11.571246213936258</ele>
      </trkpt>
      <trkpt lat="1.4112627488875942" lon="103.86190164477277">
        <ele>11.48335921169177</ele>
      </trkpt>
      <trkpt lat="1.4113495945712469" lon="103.86192670929479">
        <ele>11.395219777463724</ele>
      </trkpt>
      <trkpt lat="1.4114368343631294" lon="103.86195038440049">
        <ele>11.306848504509034</ele>
      </trkpt>
      <trkpt lat="1.4115244465775625" lon="103.86197266064724">
        <ele>11.218268194301109</ele>
      </trkpt>
      <trkpt lat="1.4116124117722482" lon="103.8619935183766">
        <ele>11.12950228187457</ele>
      </trkpt>
      <trkpt lat="1.4117007000342667" lon="103.86201298220819">
        <ele>11.040573395739917</ele>
      </trkpt>
      <trkpt lat="1.4117892949240882" lon="103.86203101836735">
        <ele>10.95150479209746</ele>
      </trkpt>
      <trkpt lat="1.4118781742200142" lon="103.86204761473824">
        <ele>10.862319740237735</ele>
      </trkpt>
      <trkpt lat="1.4119673053649764" lon="103.86206281870396">
        <ele>10.773041027825604</ele>
      </trkpt>
      <trkpt lat="1.4120566803343821" lon="103.8620765357877">
        <ele>10.683693203051517</ele>
      </trkpt>
      <trkpt lat="1.412146254433394" lon="103.86208890332779">
        <ele>10.594298326888083</ele>
      </trkpt>
      <trkpt lat="1.4122360240845453" lon="103.8620997817738">
        <ele>10.504880178196606</ele>
      </trkpt>
      <trkpt lat="1.4123259507956" lon="103.86210929712223">
        <ele>10.415461618092806</ele>
      </trkpt>
      <trkpt lat="1.412416030637757" lon="103.86211725486301">
        <ele>10.326065249589158</ele>
      </trkpt>
      <trkpt lat="1.4125062197567098" lon="103.86212387440027">
        <ele>10.236714843327688</ele>
      </trkpt>
      <trkpt lat="1.4125965068398798" lon="103.86212901298579">
        <ele>10.147432928006884</ele>
      </trkpt>
      <trkpt lat="1.4126868655290505" lon="103.86213270531483">
        <ele>10.058243383063589</ele>
      </trkpt>
      <trkpt lat="1.4127772723213172" lon="103.86213495684663">
        <ele>9.96917002193282</ele>
      </trkpt>
      <trkpt lat="1.4128677040913578" lon="103.86213572985147">
        <ele>9.88023379705711</ele>
      </trkpt>
      <trkpt lat="1.41295813711978" lon="103.86213511231566">
        <ele>9.791459378766396</ele>
      </trkpt>
      <trkpt lat="1.413048547821509" lon="103.86213301118931">
        <ele>9.70286793354881</ele>
      </trkpt>
      <trkpt lat="1.4131389137133141" lon="103.86212947664467">
        <ele>9.614484855575421</ele>
      </trkpt>
      <trkpt lat="1.4132292100200519" lon="103.86212449306306">
        <ele>9.526332355505405</ele>
      </trkpt>
      <trkpt lat="1.4133194129853912" lon="103.86211805385682">
        <ele>9.438433973415757</ele>
      </trkpt>
      <trkpt lat="1.4134095000396485" lon="103.86211017447275">
        <ele>9.350813323216945</ele>
      </trkpt>
      <trkpt lat="1.4134994460143084" lon="103.8621008407601">
        <ele>9.263489423143609</ele>
      </trkpt>
      <trkpt lat="1.413589233945287" lon="103.86209010941387">
        <ele>9.176488154493775</ele>
      </trkpt>
      <trkpt lat="1.413678830902315" lon="103.86207790327471">
        <ele>9.089830683678763</ele>
      </trkpt>
      <trkpt lat="1.4137682190065863" lon="103.86206427030783">
        <ele>9.003515952871084</ele>
      </trkpt>
      <trkpt lat="1.4138574232742651" lon="103.86204949339889">
        <ele>8.917529541271017</ele>
      </trkpt>
      <trkpt lat="1.4139464370870882" lon="103.862033622038">
        <ele>8.83186049321767</ele>
      </trkpt>
      <trkpt lat="1.4140352406930432" lon="103.86201662808263">
        <ele>8.746509229095386</ele>
      </trkpt>
      <trkpt lat="1.4141238433887562" lon="103.86199862820813">
        <ele>8.661426754662815</ele>
      </trkpt>
      <trkpt lat="1.4142123390430348" lon="103.86198011236733">
        <ele>8.576502575223252</ele>
      </trkpt>
      <trkpt lat="1.4143008338776546" lon="103.86196159265813">
        <ele>8.491633317217453</ele>
      </trkpt>
      <trkpt lat="1.4143893284781384" lon="103.86194307184395">
        <ele>8.406764486824821</ele>
      </trkpt>
      <trkpt lat="1.414477823283966" lon="103.86192455199802">
        <ele>8.321895739522928</ele>
      </trkpt>
      <trkpt lat="1.4145663179532502" lon="103.86190603150749">
        <ele>8.237026941712182</ele>
      </trkpt>
      <trkpt lat="1.4146548126533343" lon="103.86188751116178">
        <ele>8.152158162726877</ele>
      </trkpt>
      <trkpt lat="1.4147433074212672" lon="103.86186899113572">
        <ele>8.06728305187353</ele>
      </trkpt>
      <trkpt lat="1.414831814612228" lon="103.86185053017473">
        <ele>7.982319869821853</ele>
      </trkpt>
      <trkpt lat="1.4149204819197894" lon="103.86183285158006">
        <ele>7.897124192776389</ele>
      </trkpt>
      <trkpt lat="1.4150094265808986" lon="103.86181660406183">
        <ele>7.811556586347501</ele>
      </trkpt>
      <trkpt lat="1.4150986409072663" lon="103.86180188840594">
        <ele>7.725494382306877</ele>
      </trkpt>
      <trkpt lat="1.4151881988928277" lon="103.86178962465962">
        <ele>7.638752959345254</ele>
      </trkpt>
      <trkpt lat="1.4152782751514852" lon="103.86178161347141">
        <ele>7.551478033784928</ele>
      </trkpt>
      <trkpt lat="1.4153683514100577" lon="103.86177360228267">
        <ele>7.463874028810423</ele>
      </trkpt>
      <trkpt lat="1.4154584276685438" lon="103.86176559109336">
        <ele>7.3761896568864325</ele>
      </trkpt>
      <trkpt lat="1.4155485767666744" lon="103.86175908813081">
        <ele>7.288376592581035</ele>
      </trkpt>
      <trkpt lat="1.4156388109106568" lon="103.86175313153514">
        <ele>7.200351529779314</ele>
      </trkpt>
      <trkpt lat="1.4157291311116054" lon="103.86174864607572">
        <ele>7.112119414873661</ele>
      </trkpt>
      <trkpt lat="1.4158195131975544" lon="103.86174563258471">
        <ele>7.023679773011987</ele>
      </trkpt>
      <trkpt lat="1.4159099178207588" lon="103.86174372453316">
        <ele>6.935383333130329</ele>
      </trkpt>
      <trkpt lat="1.4159997951913994" lon="103.86173928797785">
        <ele>6.846920359108971</ele>
      </trkpt>
      <trkpt lat="1.4160896420903322" lon="103.861745397319">
        <ele>6.758284126172227</ele>
      </trkpt>
      <trkpt lat="1.4161800303391547" lon="103.86174825654565">
        <ele>6.66917133725327</ele>
      </trkpt>
      <trkpt lat="1.4162703598382242" lon="103.86175258677035">
        <ele>6.579939233602407</ele>
      </trkpt>
      <trkpt lat="1.4163606064515235" lon="103.86175838655551">
        <ele>6.490623338696968</ele>
      </trkpt>
      <trkpt lat="1.4164507457886875" lon="103.86176565788722">
        <ele>6.401247444332451</ele>
      </trkpt>
      <trkpt lat="1.4165407495137545" lon="103.8617744370996">
        <ele>6.311836117307986</ele>
      </trkpt>
      <trkpt lat="1.416630589745975" lon="103.86178473480413">
        <ele>6.222414420879164</ele>
      </trkpt>
      <trkpt lat="1.4167202473445082" lon="103.86179649384974">
        <ele>6.133007489530795</ele>
      </trkpt>
      <trkpt lat="1.4168096980914802" lon="103.86180971267248">
        <ele>6.04363969436309</ele>
      </trkpt>
      <trkpt lat="1.4168989181422993" lon="103.86182438697715">
        <ele>5.954334932079892</ele>
      </trkpt>
      <trkpt lat="1.416987883888866" lon="103.861840511323">
        <ele>5.86511712220294</ele>
      </trkpt>
      <trkpt lat="1.417076571117976" lon="103.86185808349617">
        <ele>5.776010135783177</ele>
      </trkpt>
      <trkpt lat="1.417164956279625" lon="103.86187709792">
        <ele>5.68703785089275</ele>
      </trkpt>
      <trkpt lat="1.4172530157132328" lon="103.86189754942502">
        <ele>5.598224077050891</ele>
      </trkpt>
      <trkpt lat="1.417340725727037" lon="103.8619194330689">
        <ele>5.509592578956837</ele>
      </trkpt>
      <trkpt lat="1.4174280630153808" lon="103.86194274233526">
        <ele>5.4211670249593</ele>
      </trkpt>
      <trkpt lat="1.4175150044332316" lon="103.86196747011958">
        <ele>5.3329711241361215</ele>
      </trkpt>
      <trkpt lat="1.4176015261183157" lon="103.86199361188288">
        <ele>5.245028556595802</ele>
      </trkpt>
      <trkpt lat="1.4176876049145644" lon="103.86202116057433">
        <ele>5.1573628303714925</ele>
      </trkpt>
      <trkpt lat="1.417773218489066" lon="103.86205010658297">
        <ele>5.069997408631483</ele>
      </trkpt>
      <trkpt lat="1.4178583432510463" lon="103.862080444194">
        <ele>4.982955645221316</ele>
      </trkpt>
      <trkpt lat="1.4179429565479638" lon="103.8621121648728">
        <ele>4.896260852812815</ele>
      </trkpt>
      <trkpt lat="1.418027036175751" lon="103.86214525898102">
        <ele>4.80994460641914</ele>
      </trkpt>
      <trkpt lat="1.4181105242293066" lon="103.86217980023572">
        <ele>4.7240315802961845</ele>
      </trkpt>
      <trkpt lat="1.4181934280519282" lon="103.86221570207927">
        <ele>4.638546053605741</ele>
      </trkpt>
      <trkpt lat="1.4182757271371245" lon="103.86225295057923">
        <ele>4.553503474994646</ele>
      </trkpt>
      <trkpt lat="1.418357400335951" lon="103.8622915338403">
        <ele>4.468926050788393</ele>
      </trkpt>
      <trkpt lat="1.4184384255890983" lon="103.86233144196086">
        <ele>4.384882172460216</ele>
      </trkpt>
      <trkpt lat="1.418518602418972" lon="103.86237300152087">
        <ele>4.301301142926025</ele>
      </trkpt>
      <trkpt lat="1.4185984496114998" lon="103.86241519312749">
        <ele>4.218252722600774</ele>
      </trkpt>
      <trkpt lat="1.4186774013998318" lon="103.86245901081807">
        <ele>4.135696007134016</ele>
      </trkpt>
      <trkpt lat="1.4187556846999976" lon="103.86250399880846">
        <ele>4.053689075149161</ele>
      </trkpt>
      <trkpt lat="1.4188334281920216" lon="103.86254990590967">
        <ele>3.972015706855375</ele>
      </trkpt>
      <trkpt lat="1.4189111107926198" lon="103.86259591521357">
        <ele>3.890500832626318</ele>
      </trkpt>
      <trkpt lat="1.418988793308573" lon="103.86264192465995">
        <ele>3.8090021231485185</ele>
      </trkpt>
      <trkpt lat="1.4190664757132965" lon="103.86268793429312">
        <ele>3.727503465039433</ele>
      </trkpt>
      <trkpt lat="1.4191441581169824" lon="103.86273394392937">
        <ele>3.646004836137918</ele>
      </trkpt>
      <trkpt lat="1.419221840519631" lon="103.86277995356875">
        <ele>3.5645062072364033</ele>
      </trkpt>
      <trkpt lat="1.4192995229212417" lon="103.86282596321122">
        <ele>3.483007578334888</ele>
      </trkpt>
      <trkpt lat="1.4193772053218143" lon="103.8628719728568">
        <ele>3.401508949433374</ele>
      </trkpt>
      <trkpt lat="1.4194548877213486" lon="103.8629179825055">
        <ele>3.3200103205318587</ele>
      </trkpt>
      <trkpt lat="1.4195325701198451" lon="103.86296399215728">
        <ele>3.2385116916303436</ele>
      </trkpt>
      <trkpt lat="1.4196102525173029" lon="103.86301000181217">
        <ele>3.157013062728829</ele>
      </trkpt>
      <trkpt lat="1.4196879349137213" lon="103.86305601147018">
        <ele>3.0755144273220765</ele>
      </trkpt>
      <trkpt lat="1.4197656173336444" lon="103.86310202109037">
        <ele>2.994015783514282</ele>
      </trkpt>
      <trkpt lat="1.4198432997596808" lon="103.86314803070177">
        <ele>2.9125171313054445</ele>
      </trkpt>
      <trkpt lat="1.4199209821846779" lon="103.86319404031624">
        <ele>2.8310184772008022</ele>
      </trkpt>
      <trkpt lat="1.4199986646086356" lon="103.86324004993385">
        <ele>2.7495198230961377</ele>
      </trkpt>
      <trkpt lat="1.4200763470315543" lon="103.86328605955454">
        <ele>2.6680211975749377</ele>
      </trkpt>
      <trkpt lat="1.4201540293455956" lon="103.86333206935811">
        <ele>2.5865226044352654</ele>
      </trkpt>
      <trkpt lat="1.4202317116442684" lon="103.86337807918868">
        <ele>2.5050240224183975</ele>
      </trkpt>
      <trkpt lat="1.420309394022105" lon="103.86342408888865">
        <ele>2.423525422403572</ele>
      </trkpt>
      <trkpt lat="1.4203870764009279" lon="103.86347009858835">
        <ele>2.342026800592706</ele>
      </trkpt>
      <trkpt lat="1.4204647587787114" lon="103.86351610829117">
        <ele>2.2605281796630305</ele>
      </trkpt>
      <trkpt lat="1.4205424411501024" lon="103.86356211800602">
        <ele>2.1790295603670455</ele>
      </trkpt>
      <trkpt lat="1.4206201235196414" lon="103.86360812772531">
        <ele>2.097530942704793</ele>
      </trkpt>
      <trkpt lat="1.4206978058881394" lon="103.86365413744772">
        <ele>2.0160323252577865</ele>
      </trkpt>
      <trkpt lat="1.4207754882555963" lon="103.86370014717325">
        <ele>1.9345337078107798</ele>
      </trkpt>
      <trkpt lat="1.4208531706220129" lon="103.86374615690188">
        <ele>1.8530350903637736</ele>
      </trkpt>
      <trkpt lat="1.4209308529873887" lon="103.86379216663362">
        <ele>1.7715364729167458</ele>
      </trkpt>
      <trkpt lat="1.421008535351723" lon="103.86383817636847">
        <ele>1.690037855469739</ele>
      </trkpt>
      <trkpt lat="1.4210862177150156" lon="103.86388418610643">
        <ele>1.6065499221837882</ele>
      </trkpt>
      <trkpt lat="1.4211634163295255" lon="103.86393098992285">
        <ele>1.5194502081057129</ele>
      </trkpt>
      <trkpt lat="1.4212404635406781" lon="103.86397804225683">
        <ele>1.4289223792756929</ele>
      </trkpt>
      <trkpt lat="1.4213165608802878" lon="103.86402658965031">
        <ele>1.3370810323050477</ele>
      </trkpt>
      <trkpt lat="1.4213920229052899" lon="103.86407611117103">
        <ele>1.2457083555462367</ele>
      </trkpt>
      <trkpt lat="1.4214666944187357" lon="103.86412680409552">
        <ele>1.1547887284102138</ele>
      </trkpt>
      <trkpt lat="1.4215405548608817" lon="103.86417865471174">
        <ele>1.0643529202373723</ele>
      </trkpt>
      <trkpt lat="1.4216136773833254" lon="103.8642315251018">
        <ele>0.9744023689123978</ele>
      </trkpt>
      <trkpt lat="1.4216860503984015" lon="103.8642854030773">
        <ele>0.884935823326605</ele>
      </trkpt>
      <trkpt lat="1.4217576597782" lon="103.86434028012263">
        <ele>0.7959691721334998</ele>
      </trkpt>
      <trkpt lat="1.4218284936822845" lon="103.86439614461283">
        <ele>0.7157820815574171</ele>
      </trkpt>
      <trkpt lat="1.4218958670782018" lon="103.86437508005224">
        <ele>0.6524469790512449</ele>
      </trkpt>
      <trkpt lat="1.4219526311942057" lon="103.86430512659321">
        <ele>0.6057919258486876</ele>
      </trkpt>
      <trkpt lat="1.4220093953081232" lon="103.86423517313072">
        <ele>0.5698346052537192</ele>
      </trkpt>
      <trkpt lat="1.4220597329688436" lon="103.8641624467823">
        <ele>0.5507375617063728</ele>
      </trkpt>
      <trkpt lat="1.422072424973013" lon="103.86407347710039">
        <ele>0.548500795206668</ele>
      </trkpt>
      <trkpt lat="1.4220851169737516" lon="103.86398450741743">
        <ele>0.5606657949423516</ele>
      </trkpt>
      <trkpt lat="1.4220978089710594" lon="103.86389553773341">
        <ele>0.5728307946780351</ele>
      </trkpt>
      <trkpt lat="1.422110500964936" lon="103.86380656804836">
        <ele>0.5849957944137186</ele>
      </trkpt>
      <trkpt lat="1.4221231929553821" lon="103.86371759836227">
        <ele>0.5960235076476145</ele>
      </trkpt>
      <trkpt lat="1.4221358849423968" lon="103.86362862867514">
        <ele>0.6021729393338374</ele>
      </trkpt>
      <trkpt lat="1.4221485769259803" lon="103.86353965898695">
        <ele>0.6039109768435524</ele>
      </trkpt>
      <trkpt lat="1.4221540712174632" lon="103.8635011444793">
        <ele>0.6029094980754688</ele>
      </trkpt>
    </trkseg>
  </trk>
</gpx>