<?xml version="1.0" encoding="UTF-8"?>
<gpx xmlns="http://www.topografix.com/GPX/1/1" xmlns:xsi="http://www.w3.org/2001/XMLSchema-instance" xsi:schemaLocation="http://www.topografix.com/GPX/1/1 http://www.topografix.com/GPX/1/1/gpx.xsd" version="1.1" creator="gpx.py -- https://github.com/tkrajina/gpxpy">
  <trk>
    <name>point_to_point_20000m_001</name>
    <trkseg>
      <trkpt lat="1.27300069647585" lon="103.83230476169726">
        <ele>10.457071097004741</ele>
      </trkpt>
      <trkpt lat="1.2730442168604967" lon="103.83222599637179">
        <ele>10.444520603617903</ele>
      </trkpt>
      <trkpt lat="1.273087737242705" lon="103.83214723104369">
        <ele>10.46027602966676</ele>
      </trkpt>
      <trkpt lat="1.273131257622475" lon="103.83206846571295">
        <ele>10.519804162757799</ele>
      </trkpt>
      <trkpt lat="1.2731759116805879" lon="103.83199034370273">
        <ele>10.621656621223714</ele>
      </trkpt>
      <trkpt lat="1.2732220831569914" lon="103.83191308277158">
        <ele>10.726756253443492</ele>
      </trkpt>
      <trkpt lat="1.2732715136853072" lon="103.83183795685788">
        <ele>10.836578364733105</ele>
      </trkpt>
      <trkpt lat="1.2733247962975371" lon="103.83176535445911">
        <ele>10.952792815414199</ele>
      </trkpt>
      <trkpt lat="1.2733780789076838" lon="103.83169275205734">
        <ele>11.077533214652632</ele>
      </trkpt>
      <trkpt lat="1.2734329585643225" lon="103.8316213957207">
        <ele>11.210332100582022</ele>
      </trkpt>
      <trkpt lat="1.2734913151033842" lon="103.83155275215681">
        <ele>11.34867941838573</ele>
      </trkpt>
      <trkpt lat="1.273549671640575" lon="103.83148410858983">
        <ele>11.48866229769638</ele>
      </trkpt>
      <trkpt lat="1.2736080281758955" lon="103.83141546501977">
        <ele>11.628645177007032</ele>
      </trkpt>
      <trkpt lat="1.2736663847093443" lon="103.83134682144662">
        <ele>11.768628056317686</ele>
      </trkpt>
      <trkpt lat="1.2737247412409225" lon="103.83127817787037">
        <ele>11.90861093562834</ele>
      </trkpt>
      <trkpt lat="1.2737830977706286" lon="103.83120953429105">
        <ele>12.048430550219479</ele>
      </trkpt>
      <trkpt lat="1.2738411027660177" lon="103.83114060395212">
        <ele>12.187344176861835</ele>
      </trkpt>
      <trkpt lat="1.2738975085694462" lon="103.83107036909844">
        <ele>12.325351815555416</ele>
      </trkpt>
      <trkpt lat="1.2739539143709175" lon="103.83100013424172">
        <ele>12.462616731019764</ele>
      </trkpt>
      <trkpt lat="1.2740103201704316" lon="103.83092989938194">
        <ele>12.599881646484116</ele>
      </trkpt>
      <trkpt lat="1.274066725967989" lon="103.83085966451912">
        <ele>12.737146561948471</ele>
      </trkpt>
      <trkpt lat="1.2741231317635888" lon="103.83078942965324">
        <ele>12.874411477412798</ele>
      </trkpt>
      <trkpt lat="1.2741795375572305" lon="103.8307191947843">
        <ele>13.011676392877144</ele>
      </trkpt>
      <trkpt lat="1.274235943348914" lon="103.8306489599123">
        <ele>13.148941308341492</ele>
      </trkpt>
      <trkpt lat="1.2742923491386395" lon="103.83057872503726">
        <ele>13.286206223805843</ele>
      </trkpt>
      <trkpt lat="1.2743487549264065" lon="103.83050849015916">
        <ele>13.423471139270172</ele>
      </trkpt>
      <trkpt lat="1.2744051607122144" lon="103.83043825527801">
        <ele>13.560736054734498</ele>
      </trkpt>
      <trkpt lat="1.2744615664960632" lon="103.8303680203938">
        <ele>13.698000970198846</ele>
      </trkpt>
      <trkpt lat="1.274517972277953" lon="103.83029778550654">
        <ele>13.835322807880674</ele>
      </trkpt>
      <trkpt lat="1.2745745001537983" lon="103.83022764892786">
        <ele>13.973141848175883</ele>
      </trkpt>
      <trkpt lat="1.274631972411825" lon="103.8301582727642">
        <ele>14.111458091084453</ele>
      </trkpt>
      <trkpt lat="1.2746894446679362" lon="103.83008889659747">
        <ele>14.250214614388907</ele>
      </trkpt>
      <trkpt lat="1.274746916922134" lon="103.83001952042765">
        <ele>14.388971137693362</ele>
      </trkpt>
      <trkpt lat="1.2748043891744167" lon="103.82995014425477">
        <ele>14.527727660997817</ele>
      </trkpt>
      <trkpt lat="1.2748618614247844" lon="103.82988076807882">
        <ele>14.666484184302272</ele>
      </trkpt>
      <trkpt lat="1.2749193336732367" lon="103.82981139189978">
        <ele>14.805240707606723</ele>
      </trkpt>
      <trkpt lat="1.2749768059197737" lon="103.82974201571767">
        <ele>14.943997230911172</ele>
      </trkpt>
      <trkpt lat="1.275034278164395" lon="103.82967263953249">
        <ele>15.082375568336907</ele>
      </trkpt>
      <trkpt lat="1.275090948516872" lon="103.8296026434431">
        <ele>15.218907291011348</ele>
      </trkpt>
      <trkpt lat="1.2751445052694197" lon="103.82953024038416">
        <ele>15.353592398934529</ele>
      </trkpt>
      <trkpt lat="1.2751980620198868" lon="103.82945783732227">
        <ele>15.486809077985157</ele>
      </trkpt>
      <trkpt lat="1.2752516187682725" lon="103.82938543425736">
        <ele>15.62002575703579</ele>
      </trkpt>
      <trkpt lat="1.275305175514578" lon="103.82931303118946">
        <ele>15.753242436086401</ele>
      </trkpt>
      <trkpt lat="1.275358732258801" lon="103.82924062811858">
        <ele>15.898962459162801</ele>
      </trkpt>
      <trkpt lat="1.275414549286068" lon="103.82916994889861">
        <ele>16.059180106931766</ele>
      </trkpt>
      <trkpt lat="1.2754711033121588" lon="103.82909983176472">
        <ele>16.2338953793933</ele>
      </trkpt>
      <trkpt lat="1.2755276573362928" lon="103.82902971462777">
        <ele>16.410604932521633</ele>
      </trkpt>
      <trkpt lat="1.275584211358468" lon="103.82895959748777">
        <ele>16.587314485649966</ele>
      </trkpt>
      <trkpt lat="1.2756407653786852" lon="103.8288894803447">
        <ele>16.7640240387783</ele>
      </trkpt>
      <trkpt lat="1.2756973193969445" lon="103.82881936319856">
        <ele>16.9407335919066</ele>
      </trkpt>
      <trkpt lat="1.2757538734132445" lon="103.82874924604938">
        <ele>17.117443145034915</ele>
      </trkpt>
      <trkpt lat="1.2758104274275857" lon="103.82867912889712">
        <ele>17.29415269816325</ele>
      </trkpt>
      <trkpt lat="1.275866981439968" lon="103.82860901174182">
        <ele>17.47086225129158</ele>
      </trkpt>
      <trkpt lat="1.2759235354503908" lon="103.82853889458346">
        <ele>17.64764754827382</ele>
      </trkpt>
      <trkpt lat="1.2759805127987787" lon="103.8284691169269">
        <ele>17.824521581683342</ele>
      </trkpt>
      <trkpt lat="1.2760375627620102" lon="103.82839939750359">
        <ele>18.001484351520208</ele>
      </trkpt>
      <trkpt lat="1.2760946127233024" lon="103.8283296780772">
        <ele>18.17846011393048</ele>
      </trkpt>
      <trkpt lat="1.2761516626826557" lon="103.82825995864775">
        <ele>18.355435876340767</ele>
      </trkpt>
      <trkpt lat="1.2762087126400696" lon="103.82819023921522">
        <ele>18.532411638751054</ele>
      </trkpt>
      <trkpt lat="1.2762657625955438" lon="103.82812051977962">
        <ele>18.70938740116134</ele>
      </trkpt>
      <trkpt lat="1.276322812549078" lon="103.82805080034096">
        <ele>18.886363163571648</ele>
      </trkpt>
      <trkpt lat="1.2763798625006717" lon="103.8279810808992">
        <ele>19.063338925981935</ele>
      </trkpt>
      <trkpt lat="1.2764369124503252" lon="103.82791136145441">
        <ele>19.240314688392207</ele>
      </trkpt>
      <trkpt lat="1.2764939623980376" lon="103.82784164200653">
        <ele>19.417290450802483</ele>
      </trkpt>
      <trkpt lat="1.2765510123438095" lon="103.82777192255558">
        <ele>19.59426621321276</ele>
      </trkpt>
      <trkpt lat="1.2766080622876403" lon="103.82770220310157">
        <ele>19.77124197562306</ele>
      </trkpt>
      <trkpt lat="1.2766651122295292" lon="103.82763248364448">
        <ele>19.906486571218807</ele>
      </trkpt>
      <trkpt lat="1.2767221621694762" lon="103.82756276418432">
        <ele>19.982739246011125</ele>
      </trkpt>
      <trkpt lat="1.2767792121074815" lon="103.8274930447211">
        <ele>20.0</ele>
      </trkpt>
      <trkpt lat="1.2768362620435447" lon="103.82742332525478">
        <ele>20.0</ele>
      </trkpt>
      <trkpt lat="1.2768932972312088" lon="103.82735359390699">
        <ele>20.0</ele>
      </trkpt>
      <trkpt lat="1.2769501549353333" lon="103.82728371959286">
        <ele>20.0</ele>
      </trkpt>
      <trkpt lat="1.2770070126375062" lon="103.82721384527565">
        <ele>20.0</ele>
      </trkpt>
      <trkpt lat="1.277063870337728" lon="103.82714397095539">
        <ele>20.0</ele>
      </trkpt>
      <trkpt lat="1.2771207280359975" lon="103.82707409663205">
        <ele>20.0</ele>
      </trkpt>
      <trkpt lat="1.2771775857323153" lon="103.82700422230565">
        <ele>20.0</ele>
      </trkpt>
      <trkpt lat="1.2772344434266807" lon="103.82693434797618">
        <ele>20.0</ele>
      </trkpt>
      <trkpt lat="1.2772913011190932" lon="103.82686447364364">
        <ele>20.0</ele>
      </trkpt>
      <trkpt lat="1.2773481588095532" lon="103.82679459930803">
        <ele>20.0</ele>
      </trkpt>
      <trkpt lat="1.2774050164980597" lon="103.82672472496934">
        <ele>20.0</ele>
      </trkpt>
      <trkpt lat="1.277461874184613" lon="103.8266548506276">
        <ele>20.0</ele>
      </trkpt>
      <trkpt lat="1.277518731869213" lon="103.82658497628279">
        <ele>20.0</ele>
      </trkpt>
      <trkpt lat="1.277575273340121" lon="103.82651485013244">
        <ele>20.0</ele>
      </trkpt>
      <trkpt lat="1.2776315319413007" lon="103.82644449872872">
        <ele>20.0</ele>
      </trkpt>
      <trkpt lat="1.2776877905405002" lon="103.82637414732194">
        <ele>20.000000000000004</ele>
      </trkpt>
      <trkpt lat="1.2777440491377192" lon="103.82630379591211">
        <ele>20.000000000000004</ele>
      </trkpt>
      <trkpt lat="1.2778003077329583" lon="103.82623344449921">
        <ele>20.000000000000004</ele>
      </trkpt>
      <trkpt lat="1.2778565663262162" lon="103.82616309308327">
        <ele>20.0</ele>
      </trkpt>
      <trkpt lat="1.2779128249174934" lon="103.82609274166427">
        <ele>20.0</ele>
      </trkpt>
      <trkpt lat="1.2779690835067887" lon="103.8260223902422">
        <ele>20.0</ele>
      </trkpt>
      <trkpt lat="1.2780253420941028" lon="103.82595203881708">
        <ele>20.0</ele>
      </trkpt>
      <trkpt lat="1.2780816006794353" lon="103.82588168738891">
        <ele>20.0</ele>
      </trkpt>
      <trkpt lat="1.2781382676531088" lon="103.82581167002441">
        <ele>20.0</ele>
      </trkpt>
      <trkpt lat="1.2781969559918813" lon="103.82574330615212">
        <ele>20.0</ele>
      </trkpt>
      <trkpt lat="1.2782556443287767" lon="103.82567494227672">
        <ele>20.0</ele>
      </trkpt>
      <trkpt lat="1.2783180469620181" lon="103.82560995376402">
        <ele>20.0</ele>
      </trkpt>
      <trkpt lat="1.2783813588529191" lon="103.82554579153695">
        <ele>20.0</ele>
      </trkpt>
      <trkpt lat="1.278444670742156" lon="103.82548162930676">
        <ele>20.0</ele>
      </trkpt>
      <trkpt lat="1.278507828749802" lon="103.82541733082304">
        <ele>20.0</ele>
      </trkpt>
      <trkpt lat="1.2785647185454925" lon="103.82534748225626">
        <ele>20.0</ele>
      </trkpt>
      <trkpt lat="1.2786216083392254" lon="103.82527763368641">
        <ele>20.0</ele>
      </trkpt>
      <trkpt lat="1.2786784981310013" lon="103.82520778511349">
        <ele>20.0</ele>
      </trkpt>
      <trkpt lat="1.2787353879208196" lon="103.8251379365375">
        <ele>20.0</ele>
      </trkpt>
      <trkpt lat="1.2787922777086802" lon="103.82506808795844">
        <ele>20.0</ele>
      </trkpt>
      <trkpt lat="1.278849167494583" lon="103.8249982393763">
        <ele>20.0</ele>
      </trkpt>
      <trkpt lat="1.2789060572785267" lon="103.82492839079109">
        <ele>20.0</ele>
      </trkpt>
      <trkpt lat="1.278958120177865" lon="103.82485494574979">
        <ele>20.0</ele>
      </trkpt>
      <trkpt lat="1.2790096729747178" lon="103.82478112063583">
        <ele>20.0</ele>
      </trkpt>
      <trkpt lat="1.2790612257693923" lon="103.82470729551895">
        <ele>20.0</ele>
      </trkpt>
      <trkpt lat="1.2791085126431916" lon="103.82463084794833">
        <ele>20.0</ele>
      </trkpt>
      <trkpt lat="1.2791519969969085" lon="103.8245520627975">
        <ele>20.0</ele>
      </trkpt>
      <trkpt lat="1.279189991646222" lon="103.82447064069439">
        <ele>20.0</ele>
      </trkpt>
      <trkpt lat="1.2792251308126281" lon="103.82438784697396">
        <ele>20.0</ele>
      </trkpt>
      <trkpt lat="1.2792602699763203" lon="103.8243050532513">
        <ele>20.0</ele>
      </trkpt>
      <trkpt lat="1.2792954091372986" lon="103.8242222595264">
        <ele>20.0</ele>
      </trkpt>
      <trkpt lat="1.2793305482955624" lon="103.82413946579925">
        <ele>20.0</ele>
      </trkpt>
      <trkpt lat="1.2793631201953801" lon="103.82405564767497">
        <ele>20.0</ele>
      </trkpt>
      <trkpt lat="1.279395378695219" lon="103.8239717044958">
        <ele>20.0</ele>
      </trkpt>
      <trkpt lat="1.2794276371922715" lon="103.82388776131455">
        <ele>20.0</ele>
      </trkpt>
      <trkpt lat="1.2794521104692007" lon="103.82380137012768">
        <ele>20.0</ele>
      </trkpt>
      <trkpt lat="1.279474334572189" lon="103.8237142717042">
        <ele>20.0</ele>
      </trkpt>
      <trkpt lat="1.2794965586721867" lon="103.82362717327926">
        <ele>20.0</ele>
      </trkpt>
      <trkpt lat="1.2795187827691936" lon="103.82354007485283">
        <ele>20.0</ele>
      </trkpt>
      <trkpt lat="1.2795341729525507" lon="103.82345156193631">
        <ele>20.0</ele>
      </trkpt>
      <trkpt lat="1.279548803004379" lon="103.82336289168674">
        <ele>20.0</ele>
      </trkpt>
      <trkpt lat="1.2795634330531132" lon="103.8232742214362">
        <ele>20.0</ele>
      </trkpt>
      <trkpt lat="1.2795714446775357" lon="103.82318486514843">
        <ele>20.0</ele>
      </trkpt>
      <trkpt lat="1.2795755507050444" lon="103.82309510402371">
        <ele>20.0</ele>
      </trkpt>
      <trkpt lat="1.2795799620061148" lon="103.82300535840714">
        <ele>20.0</ele>
      </trkpt>
      <trkpt lat="1.2795850919182188" lon="103.82291564929673">
        <ele>20.0</ele>
      </trkpt>
      <trkpt lat="1.2795902218271622" lon="103.82282594018598">
        <ele>20.0</ele>
      </trkpt>
      <trkpt lat="1.2795953517329455" lon="103.8227362310749">
        <ele>20.0</ele>
      </trkpt>
      <trkpt lat="1.2796004816355688" lon="103.82264652196349">
        <ele>20.0</ele>
      </trkpt>
      <trkpt lat="1.2795969233346518" lon="103.82255697775997">
        <ele>20.0</ele>
      </trkpt>
      <trkpt lat="1.2795883486383892" lon="103.82246752877158">
        <ele>20.0</ele>
      </trkpt>
      <trkpt lat="1.2795797739389927" lon="103.82237807978383">
        <ele>20.0</ele>
      </trkpt>
      <trkpt lat="1.2795711992364625" lon="103.82228863079668">
        <ele>20.0</ele>
      </trkpt>
      <trkpt lat="1.2795616710577336" lon="103.82219930222895">
        <ele>20.0</ele>
      </trkpt>
      <trkpt lat="1.2795474491125303" lon="103.82211056646042">
        <ele>20.0</ele>
      </trkpt>
      <trkpt lat="1.2795332271642457" lon="103.8220218306929">
        <ele>20.0</ele>
      </trkpt>
      <trkpt lat="1.2795190052128789" lon="103.8219330949264">
        <ele>20.0</ele>
      </trkpt>
      <trkpt lat="1.2795047832584308" lon="103.82184435916088">
        <ele>20.0</ele>
      </trkpt>
      <trkpt lat="1.279490561300901" lon="103.82175562339637">
        <ele>20.0</ele>
      </trkpt>
      <trkpt lat="1.2794763393402908" lon="103.82166688763287">
        <ele>20.0</ele>
      </trkpt>
      <trkpt lat="1.279462117376599" lon="103.82157815187037">
        <ele>20.0</ele>
      </trkpt>
      <trkpt lat="1.279447895409826" lon="103.82148941610888">
        <ele>20.0</ele>
      </trkpt>
      <trkpt lat="1.2794403526612497" lon="103.82139995564367">
        <ele>20.0</ele>
      </trkpt>
      <trkpt lat="1.2794349628320163" lon="103.82131026158387">
        <ele>20.0</ele>
      </trkpt>
      <trkpt lat="1.2794295729996306" lon="103.82122056752448">
        <ele>20.0</ele>
      </trkpt>
      <trkpt lat="1.2794238668236004" lon="103.82113089493608">
        <ele>20.0</ele>
      </trkpt>
      <trkpt lat="1.2794169300704885" lon="103.82104130586927">
        <ele>20.0</ele>
      </trkpt>
      <trkpt lat="1.2794099933142329" lon="103.820951716803">
        <ele>20.0</ele>
      </trkpt>
      <trkpt lat="1.279403056554833" lon="103.82086212773721">
        <ele>20.0</ele>
      </trkpt>
      <trkpt lat="1.279400157804191" lon="103.8207723493193">
        <ele>20.0</ele>
      </trkpt>
      <trkpt lat="1.2793985711987679" lon="103.82068250937158">
        <ele>20.0</ele>
      </trkpt>
      <trkpt lat="1.2793969845901796" lon="103.82059266942399">
        <ele>20.0</ele>
      </trkpt>
      <trkpt lat="1.2794083926728717" lon="103.82050386808854">
        <ele>20.0</ele>
      </trkpt>
      <trkpt lat="1.2794244132830672" lon="103.82041543541256">
        <ele>20.0</ele>
      </trkpt>
      <trkpt lat="1.2794409392674897" lon="103.82032712347296">
        <ele>20.0</ele>
      </trkpt>
      <trkpt lat="1.2794671343212751" lon="103.82024112152659">
        <ele>20.0</ele>
      </trkpt>
      <trkpt lat="1.279493329372136" lon="103.8201551195785">
        <ele>20.0</ele>
      </trkpt>
      <trkpt lat="1.279519524420072" lon="103.8200691176287">
        <ele>20.0</ele>
      </trkpt>
      <trkpt lat="1.2795457194650834" lon="103.81998311567719">
        <ele>20.0</ele>
      </trkpt>
      <trkpt lat="1.2795761665225514" lon="103.81989852829618">
        <ele>20.0</ele>
      </trkpt>
      <trkpt lat="1.279607376542115" lon="103.81981419473846">
        <ele>20.0</ele>
      </trkpt>
      <trkpt lat="1.2796385865588595" lon="103.8197298611787">
        <ele>20.0</ele>
      </trkpt>
      <trkpt lat="1.279669796572784" lon="103.81964552761696">
        <ele>20.0</ele>
      </trkpt>
      <trkpt lat="1.2797134421336873" lon="103.81956724050598">
        <ele>20.0</ele>
      </trkpt>
      <trkpt lat="1.2797613178577227" lon="103.81949101019688">
        <ele>20.0</ele>
      </trkpt>
      <trkpt lat="1.2798071215313167" lon="103.8194135337382">
        <ele>20.0</ele>
      </trkpt>
      <trkpt lat="1.2798528988316853" lon="103.81933604141715">
        <ele>20.0</ele>
      </trkpt>
      <trkpt lat="1.279898676129651" lon="103.81925854909336">
        <ele>20.0</ele>
      </trkpt>
      <trkpt lat="1.2799449180346487" lon="103.81918132999697">
        <ele>20.0</ele>
      </trkpt>
      <trkpt lat="1.2799912697133886" lon="103.81910417545556">
        <ele>20.0</ele>
      </trkpt>
      <trkpt lat="1.2800376213897442" lon="103.81902702091142">
        <ele>20.0</ele>
      </trkpt>
      <trkpt lat="1.2800839730637157" lon="103.81894986636452">
        <ele>20.0</ele>
      </trkpt>
      <trkpt lat="1.280134396358713" lon="103.81887530594477">
        <ele>20.0</ele>
      </trkpt>
      <trkpt lat="1.2801843971578564" lon="103.81880046884069">
        <ele>20.0</ele>
      </trkpt>
      <trkpt lat="1.2802314189267483" lon="103.81872371560382">
        <ele>20.0</ele>
      </trkpt>
      <trkpt lat="1.2802784406932792" lon="103.81864696236418">
        <ele>20.0</ele>
      </trkpt>
      <trkpt lat="1.280325462457448" lon="103.81857020912175">
        <ele>20.0</ele>
      </trkpt>
      <trkpt lat="1.2803724842192543" lon="103.81849345587653">
        <ele>20.0</ele>
      </trkpt>
      <trkpt lat="1.2804195059786985" lon="103.81841670262855">
        <ele>20.0</ele>
      </trkpt>
      <trkpt lat="1.280466815984711" lon="103.81834012493974">
        <ele>20.0</ele>
      </trkpt>
      <trkpt lat="1.2805143234520975" lon="103.81826366751609">
        <ele>20.0</ele>
      </trkpt>
      <trkpt lat="1.2805618309171378" lon="103.81818721008968">
        <ele>20.0</ele>
      </trkpt>
      <trkpt lat="1.2806093383798316" lon="103.81811075266043">
        <ele>20.0</ele>
      </trkpt>
      <trkpt lat="1.280656845840179" lon="103.8180342952284">
        <ele>20.0</ele>
      </trkpt>
      <trkpt lat="1.2807043532981797" lon="103.81795783779357">
        <ele>20.0</ele>
      </trkpt>
      <trkpt lat="1.2807518607538333" lon="103.81788138035594">
        <ele>20.0</ele>
      </trkpt>
      <trkpt lat="1.2807993682071397" lon="103.81780492291551">
        <ele>20.0</ele>
      </trkpt>
      <trkpt lat="1.2808468756580984" lon="103.8177284654723">
        <ele>20.0</ele>
      </trkpt>
      <trkpt lat="1.2808943831067097" lon="103.81765200802627">
        <ele>20.0</ele>
      </trkpt>
      <trkpt lat="1.2809430494404717" lon="103.81757627451768">
        <ele>20.0</ele>
      </trkpt>
      <trkpt lat="1.2809918123090447" lon="103.8175006013116">
        <ele>20.0</ele>
      </trkpt>
      <trkpt lat="1.2810405751753144" lon="103.81742492810265">
        <ele>20.0</ele>
      </trkpt>
      <trkpt lat="1.2810893380392805" lon="103.81734925489087">
        <ele>20.0</ele>
      </trkpt>
      <trkpt lat="1.2811381009009435" lon="103.81727358167623">
        <ele>20.0</ele>
      </trkpt>
      <trkpt lat="1.2811852997130622" lon="103.81719694225447">
        <ele>20.0</ele>
      </trkpt>
      <trkpt lat="1.281232033405656" lon="103.8171200154996">
        <ele>20.0</ele>
      </trkpt>
      <trkpt lat="1.2812787670958727" lon="103.81704308874197">
        <ele>20.0</ele>
      </trkpt>
      <trkpt lat="1.2813255007837114" lon="103.81696616198155">
        <ele>20.0</ele>
      </trkpt>
      <trkpt lat="1.2813722344691731" lon="103.81688923521838">
        <ele>20.0</ele>
      </trkpt>
      <trkpt lat="1.281418968152256" lon="103.81681230845244">
        <ele>20.0</ele>
      </trkpt>
      <trkpt lat="1.2814657018329616" lon="103.81673538168373">
        <ele>20.000000000000004</ele>
      </trkpt>
      <trkpt lat="1.281512435511288" lon="103.81665845491226">
        <ele>20.000000000000004</ele>
      </trkpt>
      <trkpt lat="1.281559169187236" lon="103.816581528138">
        <ele>20.000000000000004</ele>
      </trkpt>
      <trkpt lat="1.2816059028608047" lon="103.81650460136098">
        <ele>20.0</ele>
      </trkpt>
      <trkpt lat="1.2816529805866785" lon="103.816427883086">
        <ele>20.0</ele>
      </trkpt>
      <trkpt lat="1.2817004317575167" lon="103.81635139112566">
        <ele>20.0</ele>
      </trkpt>
      <trkpt lat="1.2817478829259998" lon="103.81627489916252">
        <ele>20.0</ele>
      </trkpt>
      <trkpt lat="1.2817953340921286" lon="103.81619840719658">
        <ele>20.0</ele>
      </trkpt>
      <trkpt lat="1.2818427852559022" lon="103.81612191522785">
        <ele>20.0</ele>
      </trkpt>
      <trkpt lat="1.2818902364173208" lon="103.81604542325631">
        <ele>20.0</ele>
      </trkpt>
      <trkpt lat="1.2819376875763837" lon="103.81596893128199">
        <ele>20.0</ele>
      </trkpt>
      <trkpt lat="1.2819851387330912" lon="103.81589243930486">
        <ele>20.0</ele>
      </trkpt>
      <trkpt lat="1.2820325898874423" lon="103.81581594732494">
        <ele>20.0</ele>
      </trkpt>
      <trkpt lat="1.2820800410394373" lon="103.81573945534223">
        <ele>20.0</ele>
      </trkpt>
      <trkpt lat="1.2821274921890757" lon="103.81566296335671">
        <ele>20.0</ele>
      </trkpt>
      <trkpt lat="1.2821749433363576" lon="103.8155864713684">
        <ele>20.0</ele>
      </trkpt>
      <trkpt lat="1.2822223944812823" lon="103.81550997937728">
        <ele>20.0</ele>
      </trkpt>
      <trkpt lat="1.2822698625241682" lon="103.81543349773692">
        <ele>20.0</ele>
      </trkpt>
      <trkpt lat="1.2823173417634297" lon="103.81535702295439">
        <ele>20.0</ele>
      </trkpt>
      <trkpt lat="1.2823648210003347" lon="103.81528054816906">
        <ele>20.0</ele>
      </trkpt>
      <trkpt lat="1.2824123002348826" lon="103.81520407338091">
        <ele>20.0</ele>
      </trkpt>
      <trkpt lat="1.2824597794670731" lon="103.81512759858998">
        <ele>20.0</ele>
      </trkpt>
      <trkpt lat="1.2825072586969057" lon="103.81505112379625">
        <ele>20.0</ele>
      </trkpt>
      <trkpt lat="1.2825545997085" lon="103.8149745658171">
        <ele>20.0</ele>
      </trkpt>
      <trkpt lat="1.2826008271639155" lon="103.81489733766375">
        <ele>20.0</ele>
      </trkpt>
      <trkpt lat="1.2826470546169293" lon="103.81482010950766">
        <ele>20.0</ele>
      </trkpt>
      <trkpt lat="1.28269328206754" lon="103.81474288134883">
        <ele>20.0</ele>
      </trkpt>
      <trkpt lat="1.282739509515748" lon="103.81466565318723">
        <ele>20.0</ele>
      </trkpt>
      <trkpt lat="1.282784270883267" lon="103.8145876007798">
        <ele>20.0</ele>
      </trkpt>
      <trkpt lat="1.2828270985473862" lon="103.81450846122478">
        <ele>20.0</ele>
      </trkpt>
      <trkpt lat="1.2828699262089887" lon="103.81442932166713">
        <ele>20.0</ele>
      </trkpt>
      <trkpt lat="1.2829127538680742" lon="103.81435018210688">
        <ele>20.0</ele>
      </trkpt>
      <trkpt lat="1.2829555815246425" lon="103.81427104254402">
        <ele>20.0</ele>
      </trkpt>
      <trkpt lat="1.2829955165457418" lon="103.814190458445">
        <ele>20.0</ele>
      </trkpt>
      <trkpt lat="1.2830338855723187" lon="103.81410909231282">
        <ele>20.0</ele>
      </trkpt>
      <trkpt lat="1.2830722545962434" lon="103.81402772617825">
        <ele>20.0</ele>
      </trkpt>
      <trkpt lat="1.2831100013667063" lon="103.81394607963054">
        <ele>20.0</ele>
      </trkpt>
      <trkpt lat="1.2831463380394184" lon="103.81386379763609">
        <ele>20.0</ele>
      </trkpt>
      <trkpt lat="1.2831825975170874" lon="103.81378148301921">
        <ele>20.0</ele>
      </trkpt>
      <trkpt lat="1.2832170485606997" lon="103.81369840418814">
        <ele>20.0</ele>
      </trkpt>
      <trkpt lat="1.2832514996015532" lon="103.81361532535489">
        <ele>20.0</ele>
      </trkpt>
      <trkpt lat="1.2832859506396472" lon="103.81353224651946">
        <ele>20.0</ele>
      </trkpt>
      <trkpt lat="1.283320401674982" lon="103.81344916768181">
        <ele>20.0</ele>
      </trkpt>
      <trkpt lat="1.2833548527075571" lon="103.813366088842">
        <ele>20.0</ele>
      </trkpt>
      <trkpt lat="1.2833871937308932" lon="103.81328218941285">
        <ele>20.0</ele>
      </trkpt>
      <trkpt lat="1.2834186598393538" lon="103.81319794972599">
        <ele>20.0</ele>
      </trkpt>
      <trkpt lat="1.2834501259449815" lon="103.81311371003713">
        <ele>20.0</ele>
      </trkpt>
      <trkpt lat="1.2834815920477765" lon="103.81302947034624">
        <ele>20.0</ele>
      </trkpt>
      <trkpt lat="1.283511266882441" lon="103.81294463413128">
        <ele>20.0</ele>
      </trkpt>
      <trkpt lat="1.2835372528553555" lon="103.81285856946128">
        <ele>20.0</ele>
      </trkpt>
      <trkpt lat="1.2835632388253218" lon="103.81277250478959">
        <ele>20.0</ele>
      </trkpt>
      <trkpt lat="1.2835851822983642" lon="103.81268534755554">
        <ele>20.0</ele>
      </trkpt>
      <trkpt lat="1.2836026318393001" lon="103.81259719085678">
        <ele>20.0</ele>
      </trkpt>
      <trkpt lat="1.2836203226254495" lon="103.81250908003359">
        <ele>20.0</ele>
      </trkpt>
      <trkpt lat="1.28364001753953" lon="103.81242138272117">
        <ele>20.0</ele>
      </trkpt>
      <trkpt lat="1.2836597124505589" lon="103.81233368540745">
        <ele>20.0</ele>
      </trkpt>
      <trkpt lat="1.2836776480236693" lon="103.81224562782775">
        <ele>20.0</ele>
      </trkpt>
      <trkpt lat="1.2836907776656472" lon="103.81215674366564">
        <ele>20.0</ele>
      </trkpt>
      <trkpt lat="1.283703060444226" lon="103.81206772233033">
        <ele>20.0</ele>
      </trkpt>
      <trkpt lat="1.2837156898910758" lon="103.81197875237176">
        <ele>20.0</ele>
      </trkpt>
      <trkpt lat="1.2837300896260733" lon="103.81189004477376">
        <ele>20.0</ele>
      </trkpt>
      <trkpt lat="1.2837444893579548" lon="103.8118013371748">
        <ele>20.0</ele>
      </trkpt>
      <trkpt lat="1.283758889086722" lon="103.81171262957491">
        <ele>20.0</ele>
      </trkpt>
      <trkpt lat="1.2837698322564501" lon="103.81162344867876">
        <ele>20.0</ele>
      </trkpt>
      <trkpt lat="1.2837801195658325" lon="103.81153417797746">
        <ele>20.0</ele>
      </trkpt>
      <trkpt lat="1.2837902659094758" lon="103.81144489347831">
        <ele>20.0</ele>
      </trkpt>
      <trkpt lat="1.2837977088985555" lon="103.81135534437871">
        <ele>20.0</ele>
      </trkpt>
      <trkpt lat="1.2838051518844702" lon="103.81126579527866">
        <ele>20.0</ele>
      </trkpt>
      <trkpt lat="1.283812594867219" lon="103.81117624617815">
        <ele>20.0</ele>
      </trkpt>
      <trkpt lat="1.2838200378468025" lon="103.81108669707717">
        <ele>20.0</ele>
      </trkpt>
      <trkpt lat="1.2838274808232202" lon="103.81099714797573">
        <ele>20.0</ele>
      </trkpt>
      <trkpt lat="1.2838349237964721" lon="103.81090759887383">
        <ele>20.0</ele>
      </trkpt>
      <trkpt lat="1.2838423667665584" lon="103.81081804977146">
        <ele>20.0</ele>
      </trkpt>
      <trkpt lat="1.2838498097334792" lon="103.81072850066863">
        <ele>20.0</ele>
      </trkpt>
      <trkpt lat="1.2838572526972338" lon="103.81063895156534">
        <ele>20.0</ele>
      </trkpt>
      <trkpt lat="1.2838639663235696" lon="103.8105493481359">
        <ele>20.0</ele>
      </trkpt>
      <trkpt lat="1.2838700450029967" lon="103.81045969741122">
        <ele>20.0</ele>
      </trkpt>
      <trkpt lat="1.2838761236792526" lon="103.81037004668619">
        <ele>20.0</ele>
      </trkpt>
      <trkpt lat="1.2838822023523369" lon="103.81028039596079">
        <ele>20.0</ele>
      </trkpt>
      <trkpt lat="1.2838882810222498" lon="103.810190745235">
        <ele>20.0</ele>
      </trkpt>
      <trkpt lat="1.2838943596889911" lon="103.81010109450887">
        <ele>20.0</ele>
      </trkpt>
      <trkpt lat="1.2839000662829945" lon="103.81001142026481">
        <ele>20.0</ele>
      </trkpt>
      <trkpt lat="1.2839054709538593" lon="103.80992172693686">
        <ele>20.0</ele>
      </trkpt>
      <trkpt lat="1.2839108756215505" lon="103.8098320336086">
        <ele>20.0</ele>
      </trkpt>
      <trkpt lat="1.283916287126323" lon="103.80974234071067">
        <ele>20.0</ele>
      </trkpt>
      <trkpt lat="1.2839223211049087" lon="103.80965268700376">
        <ele>20.0</ele>
      </trkpt>
      <trkpt lat="1.2839283550803229" lon="103.8095630332965">
        <ele>20.0</ele>
      </trkpt>
      <trkpt lat="1.283934389052565" lon="103.80947337958888">
        <ele>20.0</ele>
      </trkpt>
      <trkpt lat="1.2839404230216351" lon="103.80938372588089">
        <ele>20.0</ele>
      </trkpt>
      <trkpt lat="1.2839464569875327" lon="103.80929407217253">
        <ele>20.0</ele>
      </trkpt>
      <trkpt lat="1.283952490950259" lon="103.80920441846384">
        <ele>20.0</ele>
      </trkpt>
      <trkpt lat="1.2839584408581846" lon="103.8091147592822">
        <ele>20.0</ele>
      </trkpt>
      <trkpt lat="1.283964234448717" lon="103.80902508992263">
        <ele>20.0</ele>
      </trkpt>
      <trkpt lat="1.2839700280360762" lon="103.80893542056273">
        <ele>20.0</ele>
      </trkpt>
      <trkpt lat="1.2839758216202621" lon="103.80884575120248">
        <ele>20.0</ele>
      </trkpt>
      <trkpt lat="1.2839816152012757" lon="103.80875608184189">
        <ele>20.0</ele>
      </trkpt>
      <trkpt lat="1.283991524135427" lon="103.80866775509138">
        <ele>20.0</ele>
      </trkpt>
      <trkpt lat="1.2840772203909145" lon="103.80864480011591">
        <ele>20.0</ele>
      </trkpt>
      <trkpt lat="1.2841127674715875" lon="103.80857371438863">
        <ele>20.0</ele>
      </trkpt>
      <trkpt lat="1.2841188444542986" lon="103.80848406354305">
        <ele>20.0</ele>
      </trkpt>
      <trkpt lat="1.2841249214338375" lon="103.8083944126971">
        <ele>20.0</ele>
      </trkpt>
      <trkpt lat="1.2841309984102034" lon="103.80830476185079">
        <ele>20.0</ele>
      </trkpt>
      <trkpt lat="1.28409785641162" lon="103.80824353332456">
        <ele>20.0</ele>
      </trkpt>
      <trkpt lat="1.284007536568149" lon="103.80823897124394">
        <ele>20.0</ele>
      </trkpt>
      <trkpt lat="1.28401270785635" lon="103.80815063943359">
        <ele>20.0</ele>
      </trkpt>
      <trkpt lat="1.2840180902398022" lon="103.80806095206137">
        <ele>20.0</ele>
      </trkpt>
      <trkpt lat="1.2840224165764766" lon="103.80797120100507">
        <ele>20.0</ele>
      </trkpt>
      <trkpt lat="1.2840267429099734" lon="103.80788144994854">
        <ele>20.0</ele>
      </trkpt>
      <trkpt lat="1.2840310742800054" lon="103.80779169918114">
        <ele>20.0</ele>
      </trkpt>
      <trkpt lat="1.2840371827514712" lon="103.80770205045148">
        <ele>20.0</ele>
      </trkpt>
      <trkpt lat="1.2840432912197641" lon="103.80761240172146">
        <ele>20.0</ele>
      </trkpt>
      <trkpt lat="1.2840493996848847" lon="103.80752275299106">
        <ele>20.0</ele>
      </trkpt>
      <trkpt lat="1.2840555081468326" lon="103.80743310426031">
        <ele>20.0</ele>
      </trkpt>
      <trkpt lat="1.2840616166056076" lon="103.8073434555292">
        <ele>20.0</ele>
      </trkpt>
      <trkpt lat="1.2840677250612098" lon="103.80725380679773">
        <ele>20.000000000000004</ele>
      </trkpt>
      <trkpt lat="1.28407383351364" lon="103.8071641580659">
        <ele>20.000000000000004</ele>
      </trkpt>
      <trkpt lat="1.284079941962897" lon="103.8070745093337">
        <ele>20.0</ele>
      </trkpt>
      <trkpt lat="1.2840858248827791" lon="103.80698484576017">
        <ele>20.0</ele>
      </trkpt>
      <trkpt lat="1.2840916699213405" lon="103.80689517969368">
        <ele>20.0</ele>
      </trkpt>
      <trkpt lat="1.2840975149567282" lon="103.80680551362687">
        <ele>20.0</ele>
      </trkpt>
      <trkpt lat="1.2841033599889424" lon="103.8067158475597">
        <ele>20.0</ele>
      </trkpt>
      <trkpt lat="1.2841092050179823" lon="103.8066261814922">
        <ele>20.0</ele>
      </trkpt>
      <trkpt lat="1.2841150500438483" lon="103.80653651542436">
        <ele>20.0</ele>
      </trkpt>
      <trkpt lat="1.2841208950665406" lon="103.80644684935616">
        <ele>20.000000000000004</ele>
      </trkpt>
      <trkpt lat="1.2841267400860585" lon="103.80635718328763">
        <ele>20.000000000000004</ele>
      </trkpt>
      <trkpt lat="1.2841325851024028" lon="103.80626751721877">
        <ele>20.000000000000004</ele>
      </trkpt>
      <trkpt lat="1.284138430115573" lon="103.80617785114956">
        <ele>20.0</ele>
      </trkpt>
      <trkpt lat="1.2841442751255687" lon="103.80608818508">
        <ele>20.0</ele>
      </trkpt>
      <trkpt lat="1.2841501201323906" lon="103.8059985190101">
        <ele>20.0</ele>
      </trkpt>
      <trkpt lat="1.284155965136038" lon="103.80590885293987">
        <ele>20.0</ele>
      </trkpt>
      <trkpt lat="1.2841618101365113" lon="103.80581918686929">
        <ele>20.0</ele>
      </trkpt>
      <trkpt lat="1.2841676551338104" lon="103.8057295207984">
        <ele>20.0</ele>
      </trkpt>
      <trkpt lat="1.2841735623416577" lon="103.80563985888473">
        <ele>20.0</ele>
      </trkpt>
      <trkpt lat="1.284179855573318" lon="103.80555022276802">
        <ele>20.0</ele>
      </trkpt>
      <trkpt lat="1.2841861488018047" lon="103.80546058665092">
        <ele>20.0</ele>
      </trkpt>
      <trkpt lat="1.2841924420271187" lon="103.80537095053347">
        <ele>20.0</ele>
      </trkpt>
      <trkpt lat="1.2841987352492596" lon="103.80528131441565">
        <ele>20.0</ele>
      </trkpt>
      <trkpt lat="1.2842050284682274" lon="103.80519167829746">
        <ele>20.0</ele>
      </trkpt>
      <trkpt lat="1.2842108588471102" lon="103.80510201188393">
        <ele>20.0</ele>
      </trkpt>
      <trkpt lat="1.2842164555519997" lon="103.80501233017516">
        <ele>20.0</ele>
      </trkpt>
      <trkpt lat="1.2842220522537136" lon="103.80492264846609">
        <ele>20.0</ele>
      </trkpt>
      <trkpt lat="1.2842276489522524" lon="103.80483296675668">
        <ele>20.0</ele>
      </trkpt>
      <trkpt lat="1.2842332456476158" lon="103.80474328504697">
        <ele>20.0</ele>
      </trkpt>
      <trkpt lat="1.2842388423398037" lon="103.80465360333692">
        <ele>20.0</ele>
      </trkpt>
      <trkpt lat="1.2842444390288157" lon="103.80456392162655">
        <ele>20.0</ele>
      </trkpt>
      <trkpt lat="1.2842500357146522" lon="103.80447423991588">
        <ele>20.0</ele>
      </trkpt>
      <trkpt lat="1.2842557820482428" lon="103.80438456769473">
        <ele>20.0</ele>
      </trkpt>
      <trkpt lat="1.2842617060024077" lon="103.80429490673693">
        <ele>20.0</ele>
      </trkpt>
      <trkpt lat="1.2842676299533982" lon="103.80420524577879">
        <ele>20.0</ele>
      </trkpt>
      <trkpt lat="1.2842735539012131" lon="103.80411558482031">
        <ele>20.0</ele>
      </trkpt>
      <trkpt lat="1.2842794778458537" lon="103.80402592386149">
        <ele>20.0</ele>
      </trkpt>
      <trkpt lat="1.2842854017873195" lon="103.80393626290233">
        <ele>20.0</ele>
      </trkpt>
      <trkpt lat="1.28429132572561" lon="103.80384660194282">
        <ele>20.0</ele>
      </trkpt>
      <trkpt lat="1.2842972496607257" lon="103.80375694098298">
        <ele>20.0</ele>
      </trkpt>
      <trkpt lat="1.284303173592666" lon="103.8036672800228">
        <ele>20.0</ele>
      </trkpt>
      <trkpt lat="1.2843090975214313" lon="103.80357761906228">
        <ele>20.0</ele>
      </trkpt>
      <trkpt lat="1.2843150214470211" lon="103.8034879581014">
        <ele>20.0</ele>
      </trkpt>
      <trkpt lat="1.2843209453694364" lon="103.8033982971402">
        <ele>20.0</ele>
      </trkpt>
      <trkpt lat="1.2843268692886762" lon="103.80330863617867">
        <ele>20.0</ele>
      </trkpt>
      <trkpt lat="1.2843319592554563" lon="103.80321892530789">
        <ele>20.0</ele>
      </trkpt>
      <trkpt lat="1.2843369102508986" lon="103.80312920612009">
        <ele>20.0</ele>
      </trkpt>
      <trkpt lat="1.2843418612431625" lon="103.80303948693202">
        <ele>20.0</ele>
      </trkpt>
      <trkpt lat="1.2843468122322486" lon="103.80294976774367">
        <ele>20.0</ele>
      </trkpt>
      <trkpt lat="1.2843517632181574" lon="103.80286004855506">
        <ele>20.0</ele>
      </trkpt>
      <trkpt lat="1.2843567142008878" lon="103.80277032936618">
        <ele>20.0</ele>
      </trkpt>
      <trkpt lat="1.2843620634955268" lon="103.80268063494282">
        <ele>20.0</ele>
      </trkpt>
      <trkpt lat="1.2843684090147744" lon="103.80259100246096">
        <ele>20.0</ele>
      </trkpt>
      <trkpt lat="1.2843747545308475" lon="103.80250136997871">
        <ele>20.0</ele>
      </trkpt>
      <trkpt lat="1.2843811000437457" lon="103.80241173749612">
        <ele>20.0</ele>
      </trkpt>
      <trkpt lat="1.284387332205665" lon="103.80232209821807">
        <ele>20.0</ele>
      </trkpt>
      <trkpt lat="1.2843918797806226" lon="103.80223235795074">
        <ele>20.0</ele>
      </trkpt>
      <trkpt lat="1.2843964273524016" lon="103.80214261768319">
        <ele>20.0</ele>
      </trkpt>
      <trkpt lat="1.2844011940442688" lon="103.80205289063967">
        <ele>20.0</ele>
      </trkpt>
      <trkpt lat="1.2844076123021388" lon="103.80196326326966">
        <ele>20.0</ele>
      </trkpt>
      <trkpt lat="1.2844140305568352" lon="103.80187363589927">
        <ele>20.0</ele>
      </trkpt>
      <trkpt lat="1.2844204488083564" lon="103.80178400852851">
        <ele>20.0</ele>
      </trkpt>
      <trkpt lat="1.2844268670567038" lon="103.80169438115738">
        <ele>20.0</ele>
      </trkpt>
      <trkpt lat="1.2844332853018758" lon="103.80160475378588">
        <ele>20.0</ele>
      </trkpt>
      <trkpt lat="1.2844401406315167" lon="103.80151515965679">
        <ele>20.0</ele>
      </trkpt>
      <trkpt lat="1.2844475273066291" lon="103.80142560593907">
        <ele>20.0</ele>
      </trkpt>
      <trkpt lat="1.2844549139785704" lon="103.8013360522209">
        <ele>20.0</ele>
      </trkpt>
      <trkpt lat="1.2844750970130636" lon="103.80124861861262">
        <ele>20.0</ele>
      </trkpt>
      <trkpt lat="1.2844966835644953" lon="103.80116136478875">
        <ele>20.0</ele>
      </trkpt>
      <trkpt lat="1.2845175531575261" lon="103.80107393605223">
        <ele>20.0</ele>
      </trkpt>
      <trkpt lat="1.2845384227475074" lon="103.80098650731438">
        <ele>20.0</ele>
      </trkpt>
      <trkpt lat="1.2845602501626634" lon="103.80089936648136">
        <ele>20.0</ele>
      </trkpt>
      <trkpt lat="1.2845916587541764" lon="103.80081510557939">
        <ele>20.0</ele>
      </trkpt>
      <trkpt lat="1.2846246721006251" lon="103.80073145500813">
        <ele>20.0</ele>
      </trkpt>
      <trkpt lat="1.2846579209867133" lon="103.80064789401796">
        <ele>20.0</ele>
      </trkpt>
      <trkpt lat="1.2847013496298862" lon="103.80056915279661">
        <ele>20.0</ele>
      </trkpt>
      <trkpt lat="1.2847457290378361" lon="103.80049086172868">
        <ele>20.0</ele>
      </trkpt>
      <trkpt lat="1.284793941650789" lon="103.80041487353017">
        <ele>20.0</ele>
      </trkpt>
      <trkpt lat="1.284843106099988" lon="103.80033945716391">
        <ele>20.0</ele>
      </trkpt>
      <trkpt lat="1.2848928523833216" lon="103.80026442068002">
        <ele>20.0</ele>
      </trkpt>
      <trkpt lat="1.2849453001799984" lon="103.80019131604747">
        <ele>20.0</ele>
      </trkpt>
      <trkpt lat="1.2850017944815133" lon="103.80012115116533">
        <ele>20.0</ele>
      </trkpt>
      <trkpt lat="1.2850597801932708" lon="103.80005225440388">
        <ele>20.0</ele>
      </trkpt>
      <trkpt lat="1.285120825227663" lon="103.7999859589335">
        <ele>20.0</ele>
      </trkpt>
      <trkpt lat="1.2851818702602116" lon="103.79991966346">
        <ele>20.0</ele>
      </trkpt>
      <trkpt lat="1.2852451647292829" lon="103.79985552815373">
        <ele>20.0</ele>
      </trkpt>
      <trkpt lat="1.2853097747128372" lon="103.79979265615482">
        <ele>20.0</ele>
      </trkpt>
      <trkpt lat="1.2853743846947179" lon="103.79972978415273">
        <ele>20.0</ele>
      </trkpt>
      <trkpt lat="1.285445866519393" lon="103.79967507231878">
        <ele>20.0</ele>
      </trkpt>
      <trkpt lat="1.2855195525339418" lon="103.79962297791253">
        <ele>20.0</ele>
      </trkpt>
      <trkpt lat="1.2855932385472986" lon="103.79957088350326">
        <ele>20.0</ele>
      </trkpt>
      <trkpt lat="1.285666924559464" lon="103.79951878909101">
        <ele>20.0</ele>
      </trkpt>
      <trkpt lat="1.285743416376983" lon="103.79947096695884">
        <ele>20.0</ele>
      </trkpt>
      <trkpt lat="1.2858225424951875" lon="103.79942772160346">
        <ele>20.0</ele>
      </trkpt>
      <trkpt lat="1.2859050745835054" lon="103.7993909839513">
        <ele>20.0</ele>
      </trkpt>
      <trkpt lat="1.2859876066711748" lon="103.79935424629672">
        <ele>20.0</ele>
      </trkpt>
      <trkpt lat="1.286070897039568" lon="103.79931932120029">
        <ele>20.0</ele>
      </trkpt>
      <trkpt lat="1.2861553224747704" lon="103.79928710931391">
        <ele>20.0</ele>
      </trkpt>
      <trkpt lat="1.2862397479094507" lon="103.79925489742536">
        <ele>20.0</ele>
      </trkpt>
      <trkpt lat="1.2863254327780178" lon="103.79922635630861">
        <ele>20.0</ele>
      </trkpt>
      <trkpt lat="1.2864120821801266" lon="103.79920062644086">
        <ele>20.0</ele>
      </trkpt>
      <trkpt lat="1.2864995778743809" lon="103.79917802685614">
        <ele>20.0</ele>
      </trkpt>
      <trkpt lat="1.2865877297268864" lon="103.79915804868425">
        <ele>20.0</ele>
      </trkpt>
      <trkpt lat="1.286676707123241" lon="103.79914197331253">
        <ele>20.0</ele>
      </trkpt>
      <trkpt lat="1.286766429646815" lon="103.79913108241934">
        <ele>20.0</ele>
      </trkpt>
      <trkpt lat="1.2868564537438063" lon="103.79912252278629">
        <ele>20.0</ele>
      </trkpt>
      <trkpt lat="1.2869465033280971" lon="103.7991142202839">
        <ele>20.0</ele>
      </trkpt>
      <trkpt lat="1.2870367762865007" lon="103.79910935669689">
        <ele>20.0</ele>
      </trkpt>
      <trkpt lat="1.2871271529778459" lon="103.79910609011185">
        <ele>20.0</ele>
      </trkpt>
      <trkpt lat="1.2872175411927023" lon="103.79910319965903">
        <ele>20.0</ele>
      </trkpt>
      <trkpt lat="1.2873079505287477" lon="103.79910099860876">
        <ele>20.0</ele>
      </trkpt>
      <trkpt lat="1.2873983598647225" lon="103.79909879755827">
        <ele>20.0</ele>
      </trkpt>
      <trkpt lat="1.2874887692006267" lon="103.79909659650752">
        <ele>20.0</ele>
      </trkpt>
      <trkpt lat="1.28757917853646" lon="103.79909439545655">
        <ele>20.0</ele>
      </trkpt>
      <trkpt lat="1.2876695921854255" lon="103.79909248578991">
        <ele>20.0</ele>
      </trkpt>
      <trkpt lat="1.287760027566434" lon="103.79909204426716">
        <ele>20.0</ele>
      </trkpt>
      <trkpt lat="1.2878504629473777" lon="103.79909160274427">
        <ele>20.0</ele>
      </trkpt>
      <trkpt lat="1.2879408983282559" lon="103.79909116122127">
        <ele>20.0</ele>
      </trkpt>
      <trkpt lat="1.2880313337090683" lon="103.79909071969817">
        <ele>20.0</ele>
      </trkpt>
      <trkpt lat="1.2881216913538962" lon="103.79908720308767">
        <ele>20.0</ele>
      </trkpt>
      <trkpt lat="1.288212035015304" lon="103.79908313332199">
        <ele>20.0</ele>
      </trkpt>
      <trkpt lat="1.2883023786766328" lon="103.79907906355595">
        <ele>20.0</ele>
      </trkpt>
      <trkpt lat="1.2883927223378835" lon="103.79907499378953">
        <ele>20.0</ele>
      </trkpt>
      <trkpt lat="1.2884830659990552" lon="103.79907092402276">
        <ele>20.0</ele>
      </trkpt>
      <trkpt lat="1.288573409660149" lon="103.79906685425559">
        <ele>20.0</ele>
      </trkpt>
      <trkpt lat="1.2886637533211636" lon="103.79906278448806">
        <ele>20.0</ele>
      </trkpt>
      <trkpt lat="1.2887541063732146" lon="103.79905893704434">
        <ele>20.0</ele>
      </trkpt>
      <trkpt lat="1.288844475551981" lon="103.79905547138412">
        <ele>20.0</ele>
      </trkpt>
      <trkpt lat="1.288934844730672" lon="103.79905200572355">
        <ele>20.0</ele>
      </trkpt>
      <trkpt lat="1.2890252139092875" lon="103.79904854006267">
        <ele>20.0</ele>
      </trkpt>
      <trkpt lat="1.289115583087827" lon="103.79904507440146">
        <ele>20.0</ele>
      </trkpt>
      <trkpt lat="1.289205952266291" lon="103.79904160873993">
        <ele>20.0</ele>
      </trkpt>
      <trkpt lat="1.289296321444679" lon="103.79903814307806">
        <ele>20.0</ele>
      </trkpt>
      <trkpt lat="1.2893866973246622" lon="103.79903485581542">
        <ele>20.0</ele>
      </trkpt>
      <trkpt lat="1.2894770750917899" lon="103.79903161879056">
        <ele>20.0</ele>
      </trkpt>
      <trkpt lat="1.289567452858843" lon="103.7990283817654">
        <ele>20.0</ele>
      </trkpt>
      <trkpt lat="1.2896578306258208" lon="103.7990251447399">
        <ele>20.0</ele>
      </trkpt>
      <trkpt lat="1.2897482076376805" lon="103.79902188769638">
        <ele>20.0</ele>
      </trkpt>
      <trkpt lat="1.2898385757507207" lon="103.79901839472896">
        <ele>20.0</ele>
      </trkpt>
      <trkpt lat="1.2899289438636843" lon="103.79901490176123">
        <ele>20.0</ele>
      </trkpt>
      <trkpt lat="1.2900193119765728" lon="103.79901140879313">
        <ele>20.0</ele>
      </trkpt>
      <trkpt lat="1.2901096238229133" lon="103.79901071856344">
        <ele>20.0</ele>
      </trkpt>
      <trkpt lat="1.2901999084398184" lon="103.79901454679379">
        <ele>20.0</ele>
      </trkpt>
      <trkpt lat="1.2902903449107508" lon="103.79901454558191">
        <ele>20.0</ele>
      </trkpt>
      <trkpt lat="1.2903807742054063" lon="103.79901362606644">
        <ele>20.0</ele>
      </trkpt>
      <trkpt lat="1.290471199791933" lon="103.79901223204907">
        <ele>20.0</ele>
      </trkpt>
      <trkpt lat="1.2905616253783916" lon="103.7990108380315">
        <ele>20.0</ele>
      </trkpt>
      <trkpt lat="1.2906519905847431" lon="103.79900732068076">
        <ele>20.0</ele>
      </trkpt>
      <trkpt lat="1.2907423511400877" lon="103.79900363977441">
        <ele>20.0</ele>
      </trkpt>
      <trkpt lat="1.2908325313018019" lon="103.7989976695794">
        <ele>20.0</ele>
      </trkpt>
      <trkpt lat="1.2909223674315098" lon="103.79898733343947">
        <ele>20.0</ele>
      </trkpt>
      <trkpt lat="1.2910122519489196" lon="103.79897744284719">
        <ele>20.0</ele>
      </trkpt>
      <trkpt lat="1.2911021512752543" lon="103.79897383139414">
        <ele>20.0</ele>
      </trkpt>
      <trkpt lat="1.2911922606784398" lon="103.79897995409674">
        <ele>20.0</ele>
      </trkpt>
      <trkpt lat="1.2912826613212665" lon="103.79898248307991">
        <ele>20.0</ele>
      </trkpt>
      <trkpt lat="1.2913730619640305" lon="103.79898501206317">
        <ele>20.0</ele>
      </trkpt>
      <trkpt lat="1.291463151356668" lon="103.79897999499536">
        <ele>20.0</ele>
      </trkpt>
      <trkpt lat="1.291553040585557" lon="103.79897012509241">
        <ele>20.0</ele>
      </trkpt>
      <trkpt lat="1.2916429298143246" lon="103.79896025518869">
        <ele>20.0</ele>
      </trkpt>
      <trkpt lat="1.2917328190429715" lon="103.79895038528419">
        <ele>20.0</ele>
      </trkpt>
      <trkpt lat="1.2918229794057683" lon="103.79894359500521">
        <ele>20.0</ele>
      </trkpt>
      <trkpt lat="1.2919132281767827" lon="103.79893780889446">
        <ele>20.0</ele>
      </trkpt>
      <trkpt lat="1.2920034769477087" lon="103.7989320227832">
        <ele>20.0</ele>
      </trkpt>
      <trkpt lat="1.2920937257185452" lon="103.79892623667146">
        <ele>20.0</ele>
      </trkpt>
      <trkpt lat="1.2921839744892942" lon="103.79892045055924">
        <ele>20.0</ele>
      </trkpt>
      <trkpt lat="1.2922743154876006" lon="103.79891731869674">
        <ele>20.0</ele>
      </trkpt>
      <trkpt lat="1.2923647510082736" lon="103.79891690712681">
        <ele>20.0</ele>
      </trkpt>
      <trkpt lat="1.2924551865288807" lon="103.79891649555678">
        <ele>20.0</ele>
      </trkpt>
      <trkpt lat="1.292545622049422" lon="103.79891608398661">
        <ele>20.0</ele>
      </trkpt>
      <trkpt lat="1.2926360575698983" lon="103.79891567241634">
        <ele>20.0</ele>
      </trkpt>
      <trkpt lat="1.2927264088170862" lon="103.79891922415632">
        <ele>20.0</ele>
      </trkpt>
      <trkpt lat="1.2928167461509554" lon="103.79892343022706">
        <ele>20.0</ele>
      </trkpt>
      <trkpt lat="1.2929070917806453" lon="103.7989274234652">
        <ele>20.0</ele>
      </trkpt>
      <trkpt lat="1.29299748594224" lon="103.79893017160471">
        <ele>20.0</ele>
      </trkpt>
      <trkpt lat="1.2930878809430928" lon="103.79893256075613">
        <ele>20.0</ele>
      </trkpt>
      <trkpt lat="1.2931782869793291" lon="103.79893022990514">
        <ele>20.0</ele>
      </trkpt>
      <trkpt lat="1.2932686930154944" lon="103.79892789905388">
        <ele>20.0</ele>
      </trkpt>
      <trkpt lat="1.293359099051588" lon="103.79892556820238">
        <ele>20.0</ele>
      </trkpt>
      <trkpt lat="1.293449505087611" lon="103.79892323735064">
        <ele>20.0</ele>
      </trkpt>
      <trkpt lat="1.293539847404397" lon="103.79891922968076">
        <ele>20.0</ele>
      </trkpt>
      <trkpt lat="1.293630172957573" lon="103.79891478086553">
        <ele>20.0</ele>
      </trkpt>
      <trkpt lat="1.2937204985106683" lon="103.79891033204991">
        <ele>20.0</ele>
      </trkpt>
      <trkpt lat="1.2938108240636825" lon="103.7989058832339">
        <ele>20.0</ele>
      </trkpt>
      <trkpt lat="1.2939005675664197" lon="103.79889573367755">
        <ele>20.0</ele>
      </trkpt>
      <trkpt lat="1.2939899522150675" lon="103.79888206941828">
        <ele>20.0</ele>
      </trkpt>
      <trkpt lat="1.2940793368635526" lon="103.79886840515796">
        <ele>20.0</ele>
      </trkpt>
      <trkpt lat="1.29416665448716" lon="103.79884632762379">
        <ele>20.0</ele>
      </trkpt>
      <trkpt lat="1.2942523769816427" lon="103.79881772455697">
        <ele>20.0</ele>
      </trkpt>
      <trkpt lat="1.2943402421466745" lon="103.79879650140232">
        <ele>20.0</ele>
      </trkpt>
      <trkpt lat="1.2944271009818302" lon="103.7987714782687">
        <ele>20.0</ele>
      </trkpt>
      <trkpt lat="1.2945139598166322" lon="103.79874645513331">
        <ele>20.0</ele>
      </trkpt>
      <trkpt lat="1.2946008186510796" lon="103.79872143199614">
        <ele>20.0</ele>
      </trkpt>
      <trkpt lat="1.2946850168988926" lon="103.79868982031698">
        <ele>20.0</ele>
      </trkpt>
      <trkpt lat="1.294765195987298" lon="103.79864825579567">
        <ele>20.0</ele>
      </trkpt>
      <trkpt lat="1.2948453750748954" lon="103.7986066912717">
        <ele>20.0</ele>
      </trkpt>
      <trkpt lat="1.294924820466255" lon="103.79856395157924">
        <ele>20.0</ele>
      </trkpt>
      <trkpt lat="1.294997919789006" lon="103.79851104733686">
        <ele>20.0</ele>
      </trkpt>
      <trkpt lat="1.2950710191105221" lon="103.79845814309141">
        <ele>20.0</ele>
      </trkpt>
      <trkpt lat="1.2951456294014574" lon="103.79840736496396">
        <ele>20.0</ele>
      </trkpt>
      <trkpt lat="1.295218828631355" lon="103.79835464913982">
        <ele>20.0</ele>
      </trkpt>
      <trkpt lat="1.2952905207602075" lon="103.7982998898338">
        <ele>20.0</ele>
      </trkpt>
      <trkpt lat="1.2953591162387688" lon="103.79824133352408">
        <ele>20.0</ele>
      </trkpt>
      <trkpt lat="1.2954274768768106" lon="103.79818251948831">
        <ele>20.0</ele>
      </trkpt>
      <trkpt lat="1.2954929212583695" lon="103.79812050502068">
        <ele>20.0</ele>
      </trkpt>
      <trkpt lat="1.2955583656382792" lon="103.79805849054988">
        <ele>20.0</ele>
      </trkpt>
      <trkpt lat="1.2956238100165405" lon="103.79799647607588">
        <ele>20.0</ele>
      </trkpt>
      <trkpt lat="1.295689254393152" lon="103.79793446159869">
        <ele>20.0</ele>
      </trkpt>
      <trkpt lat="1.2957546987681139" lon="103.79787244711832">
        <ele>20.0</ele>
      </trkpt>
      <trkpt lat="1.2958201431414256" lon="103.79781043263478">
        <ele>20.0</ele>
      </trkpt>
      <trkpt lat="1.2958871424369582" lon="103.79775009335185">
        <ele>20.0</ele>
      </trkpt>
      <trkpt lat="1.2959546418781454" lon="103.79769029290149">
        <ele>20.0</ele>
      </trkpt>
      <trkpt lat="1.2960221413177873" lon="103.79763049244794">
        <ele>20.0</ele>
      </trkpt>
      <trkpt lat="1.2960896407558835" lon="103.79757069199121">
        <ele>20.0</ele>
      </trkpt>
      <trkpt lat="1.296157140192435" lon="103.79751089153132">
        <ele>20.0</ele>
      </trkpt>
      <trkpt lat="1.29622463962744" lon="103.79745109106824">
        <ele>20.0</ele>
      </trkpt>
      <trkpt lat="1.2962921390608995" lon="103.79739129060198">
        <ele>20.0</ele>
      </trkpt>
      <trkpt lat="1.2963596384928129" lon="103.79733149013256">
        <ele>20.000000000000004</ele>
      </trkpt>
      <trkpt lat="1.2964271379231798" lon="103.79727168965995">
        <ele>20.0</ele>
      </trkpt>
      <trkpt lat="1.2964946373519999" lon="103.79721188918417">
        <ele>20.0</ele>
      </trkpt>
      <trkpt lat="1.2965634585310075" lon="103.79715360808667">
        <ele>20.0</ele>
      </trkpt>
      <trkpt lat="1.2966327847368841" lon="103.79709590752674">
        <ele>20.000000000000004</ele>
      </trkpt>
      <trkpt lat="1.2967021109413108" lon="103.79703820696363">
        <ele>20.000000000000004</ele>
      </trkpt>
      <trkpt lat="1.2967714371442867" lon="103.79698050639739">
        <ele>20.000000000000004</ele>
      </trkpt>
      <trkpt lat="1.2968407633458114" lon="103.79692280582798">
        <ele>20.0</ele>
      </trkpt>
      <trkpt lat="1.2969100895458852" lon="103.79686510525542">
        <ele>20.0</ele>
      </trkpt>
      <trkpt lat="1.2969795311132668" lon="103.79680754343592">
        <ele>20.0</ele>
      </trkpt>
      <trkpt lat="1.2970496470116153" lon="103.79675079264581">
        <ele>20.0</ele>
      </trkpt>
      <trkpt lat="1.2971197629085547" lon="103.79669404185255">
        <ele>20.0</ele>
      </trkpt>
      <trkpt lat="1.2971898788040843" lon="103.79663729105614">
        <ele>20.0</ele>
      </trkpt>
      <trkpt lat="1.2972599946982055" lon="103.7965805402566">
        <ele>20.0</ele>
      </trkpt>
      <trkpt lat="1.2973314590296723" lon="103.79652558882175">
        <ele>20.0</ele>
      </trkpt>
      <trkpt lat="1.2974062808138083" lon="103.79647511759816">
        <ele>20.0</ele>
      </trkpt>
      <trkpt lat="1.2974811025968014" lon="103.79642464637156">
        <ele>20.0</ele>
      </trkpt>
      <trkpt lat="1.2975569670945923" lon="103.79637577326689">
        <ele>20.0</ele>
      </trkpt>
      <trkpt lat="1.2976338830478378" lon="103.79632851168047">
        <ele>20.0</ele>
      </trkpt>
      <trkpt lat="1.2977117482614764" lon="103.7962828344505">
        <ele>20.0</ele>
      </trkpt>
      <trkpt lat="1.29779022940186" lon="103.79623818522829">
        <ele>20.0</ele>
      </trkpt>
      <trkpt lat="1.297868710541322" lon="103.79619353600332">
        <ele>20.0</ele>
      </trkpt>
      <trkpt lat="1.2979491292361296" lon="103.79615258293857">
        <ele>20.0</ele>
      </trkpt>
      <trkpt lat="1.298030939432787" lon="103.79611428435958">
        <ele>20.0</ele>
      </trkpt>
      <trkpt lat="1.2981130535822911" lon="103.79607667668638">
        <ele>20.0</ele>
      </trkpt>
      <trkpt lat="1.2981969095635622" lon="103.79604302832132">
        <ele>20.0</ele>
      </trkpt>
      <trkpt lat="1.2982807655442625" lon="103.79600937995397">
        <ele>20.0</ele>
      </trkpt>
      <trkpt lat="1.2983646215243914" lon="103.79597573158433">
        <ele>20.0</ele>
      </trkpt>
      <trkpt lat="1.2984484775039493" lon="103.79594208321242">
        <ele>20.000000000000004</ele>
      </trkpt>
      <trkpt lat="1.2985332161797707" lon="103.79591085170499">
        <ele>20.000000000000004</ele>
      </trkpt>
      <trkpt lat="1.2986192764738562" lon="103.79588323885172">
        <ele>20.000000000000004</ele>
      </trkpt>
      <trkpt lat="1.2987054366013782" lon="103.79585594058561">
        <ele>20.0</ele>
      </trkpt>
      <trkpt lat="1.2987918734659039" lon="103.7958295143522">
        <ele>20.0</ele>
      </trkpt>
      <trkpt lat="1.29887831033004" lon="103.79580308811693">
        <ele>20.0</ele>
      </trkpt>
      <trkpt lat="1.2989647471937862" lon="103.79577666187976">
        <ele>20.0</ele>
      </trkpt>
      <trkpt lat="1.2990511840571421" lon="103.79575023564072">
        <ele>20.0</ele>
      </trkpt>
      <trkpt lat="1.2991384275964704" lon="103.79572666709119">
        <ele>20.0</ele>
      </trkpt>
      <trkpt lat="1.2992260890265421" lon="103.79570457893999">
        <ele>20.0</ele>
      </trkpt>
      <trkpt lat="1.2993137504563137" lon="103.79568249078716">
        <ele>20.0</ele>
      </trkpt>
      <trkpt lat="1.2994014118857848" lon="103.79566040263275">
        <ele>20.0</ele>
      </trkpt>
      <trkpt lat="1.299489049102898" lon="103.79563822180593">
        <ele>20.0</ele>
      </trkpt>
      <trkpt lat="1.2995764553430313" lon="103.79561515692251">
        <ele>20.0</ele>
      </trkpt>
      <trkpt lat="1.299663861582845" lon="103.79559209203741">
        <ele>20.0</ele>
      </trkpt>
      <trkpt lat="1.2997512678223393" lon="103.79556902715066">
        <ele>20.0</ele>
      </trkpt>
      <trkpt lat="1.2998386740615144" lon="103.79554596226222">
        <ele>20.0</ele>
      </trkpt>
      <trkpt lat="1.29992608030037" lon="103.79552289737212">
        <ele>20.0</ele>
      </trkpt>
      <trkpt lat="1.3000134865389064" lon="103.79549983248037">
        <ele>20.0</ele>
      </trkpt>
      <trkpt lat="1.3001003831023707" lon="103.7954750316249">
        <ele>20.0</ele>
      </trkpt>
      <trkpt lat="1.3001865619255812" lon="103.79544778613175">
        <ele>20.000000000000004</ele>
      </trkpt>
      <trkpt lat="1.3002727407483823" lon="103.79542054063667">
        <ele>20.000000000000004</ele>
      </trkpt>
      <trkpt lat="1.3003576850905574" lon="103.79538992817872">
        <ele>20.000000000000004</ele>
      </trkpt>
      <trkpt lat="1.3004413092155707" lon="103.79535571491742">
        <ele>20.0</ele>
      </trkpt>
      <trkpt lat="1.3005249333399953" lon="103.79532150165379">
        <ele>20.0</ele>
      </trkpt>
      <trkpt lat="1.3006085574638309" lon="103.79528728838785">
        <ele>20.0</ele>
      </trkpt>
      <trkpt lat="1.3006920617892492" lon="103.79525278844534">
        <ele>20.0</ele>
      </trkpt>
      <trkpt lat="1.3007768610327604" lon="103.79522171824114">
        <ele>20.0</ele>
      </trkpt>
      <trkpt lat="1.3008625594089391" lon="103.79519301570267">
        <ele>20.0</ele>
      </trkpt>
      <trkpt lat="1.3009461292604279" lon="103.79515897127149">
        <ele>20.0</ele>
      </trkpt>
      <trkpt lat="1.3010271520939227" lon="103.79511907887142">
        <ele>20.000000000000004</ele>
      </trkpt>
      <trkpt lat="1.3011078731567363" lon="103.79507856305158">
        <ele>20.0</ele>
      </trkpt>
      <trkpt lat="1.3011880580867088" lon="103.79503702540524">
        <ele>20.0</ele>
      </trkpt>
      <trkpt lat="1.3012677116669502" lon="103.79499447504868">
        <ele>20.0</ele>
      </trkpt>
      <trkpt lat="1.301344954304606" lon="103.79494829942097">
        <ele>20.0</ele>
      </trkpt>
      <trkpt lat="1.3014166883389449" lon="103.79489368152919">
        <ele>20.0</ele>
      </trkpt>
      <trkpt lat="1.3014919039010167" lon="103.79484379228148">
        <ele>20.0</ele>
      </trkpt>
      <trkpt lat="1.3015661849781341" lon="103.79479253861003">
        <ele>20.0</ele>
      </trkpt>
      <trkpt lat="1.3016364334367843" lon="103.7947360721725">
        <ele>20.0</ele>
      </trkpt>
      <trkpt lat="1.301709094725952" lon="103.79468293905015">
        <ele>20.0</ele>
      </trkpt>
      <trkpt lat="1.301786018010265" lon="103.79463571876819">
        <ele>20.0</ele>
      </trkpt>
      <trkpt lat="1.301864352130398" lon="103.7945908153384">
        <ele>20.0</ele>
      </trkpt>
      <trkpt lat="1.301934372622505" lon="103.79453409315671">
        <ele>20.0</ele>
      </trkpt>
      <trkpt lat="1.3020069532441978" lon="103.7944805165722">
        <ele>20.0</ele>
      </trkpt>
      <trkpt lat="1.302082378269963" lon="103.79443093955665">
        <ele>20.0</ele>
      </trkpt>
      <trkpt lat="1.3021610062451408" lon="103.79438655532228">
        <ele>20.0</ele>
      </trkpt>
      <trkpt lat="1.3022397055190504" lon="103.7943422866797">
        <ele>20.0</ele>
      </trkpt>
      <trkpt lat="1.302318404792045" lon="103.7942980180343">
        <ele>20.0</ele>
      </trkpt>
      <trkpt lat="1.3023971040641245" lon="103.79425374938612">
        <ele>20.0</ele>
      </trkpt>
      <trkpt lat="1.3024758033352888" lon="103.79420948073513">
        <ele>20.0</ele>
      </trkpt>
      <trkpt lat="1.3025545026055376" lon="103.79416521208135">
        <ele>20.0</ele>
      </trkpt>
      <trkpt lat="1.3026332018748712" lon="103.79412094342479">
        <ele>20.0</ele>
      </trkpt>
      <trkpt lat="1.3027149985334214" lon="103.79408279462292">
        <ele>20.0</ele>
      </trkpt>
      <trkpt lat="1.302797377612558" lon="103.79404572125128">
        <ele>20.0</ele>
      </trkpt>
      <trkpt lat="1.3028790421375307" lon="103.79400722543289">
        <ele>20.0</ele>
      </trkpt>
      <trkpt lat="1.3029579963484936" lon="103.79396340720044">
        <ele>20.0</ele>
      </trkpt>
      <trkpt lat="1.3030370246827685" lon="103.79391972158294">
        <ele>20.0</ele>
      </trkpt>
      <trkpt lat="1.303116196155159" lon="103.79387629205677">
        <ele>20.0</ele>
      </trkpt>
      <trkpt lat="1.3031950631766098" lon="103.79383232058092">
        <ele>20.0</ele>
      </trkpt>
      <trkpt lat="1.3032738266783421" lon="103.79378816483006">
        <ele>20.0</ele>
      </trkpt>
      <trkpt lat="1.303352590179162" lon="103.79374400907638">
        <ele>20.0</ele>
      </trkpt>
      <trkpt lat="1.3034314423237907" lon="103.7937000129742">
        <ele>20.0</ele>
      </trkpt>
      <trkpt lat="1.3035110443181606" lon="103.7936573673938">
        <ele>20.0</ele>
      </trkpt>
      <trkpt lat="1.3035906463116702" lon="103.79361472181064">
        <ele>20.0</ele>
      </trkpt>
      <trkpt lat="1.3036702483043199" lon="103.79357207622478">
        <ele>20.000000000000004</ele>
      </trkpt>
      <trkpt lat="1.3037498502961098" lon="103.79352943063618">
        <ele>20.000000000000004</ele>
      </trkpt>
      <trkpt lat="1.3038294522870397" lon="103.79348678504483">
        <ele>20.000000000000004</ele>
      </trkpt>
      <trkpt lat="1.3039091984677365" lon="103.79344440643366">
        <ele>20.000000000000004</ele>
      </trkpt>
      <trkpt lat="1.303988973221222" lon="103.79340208072664">
        <ele>20.0</ele>
      </trkpt>
      <trkpt lat="1.3040687479738584" lon="103.79335975501688">
        <ele>20.0</ele>
      </trkpt>
      <trkpt lat="1.3041483820205593" lon="103.79331716984966">
        <ele>20.0</ele>
      </trkpt>
      <trkpt lat="1.304227835579068" lon="103.793274251868">
        <ele>20.0</ele>
      </trkpt>
      <trkpt lat="1.3043072891367058" lon="103.79323133388361">
        <ele>20.0</ele>
      </trkpt>
      <trkpt lat="1.3043867426934728" lon="103.79318841589645">
        <ele>20.0</ele>
      </trkpt>
      <trkpt lat="1.3044661962493689" lon="103.79314549790658">
        <ele>20.0</ele>
      </trkpt>
      <trkpt lat="1.3045456498043946" lon="103.79310257991393">
        <ele>20.0</ele>
      </trkpt>
      <trkpt lat="1.3046251033585488" lon="103.79305966191856">
        <ele>20.0</ele>
      </trkpt>
      <trkpt lat="1.3047045701064113" lon="103.79301676804509">
        <ele>20.0</ele>
      </trkpt>
      <trkpt lat="1.3047840401597355" lon="103.7929738802141">
        <ele>20.0</ele>
      </trkpt>
      <trkpt lat="1.3048635102121895" lon="103.79293099238035">
        <ele>20.0</ele>
      </trkpt>
      <trkpt lat="1.304942980263773" lon="103.79288810454386">
        <ele>20.0</ele>
      </trkpt>
      <trkpt lat="1.3050224503144854" lon="103.79284521670463">
        <ele>20.0</ele>
      </trkpt>
      <trkpt lat="1.3051019203643273" lon="103.79280232886265">
        <ele>20.0</ele>
      </trkpt>
      <trkpt lat="1.3051811924045076" lon="103.79275908572457">
        <ele>20.0</ele>
      </trkpt>
      <trkpt lat="1.3052599512944942" lon="103.7927149218239">
        <ele>20.0</ele>
      </trkpt>
      <trkpt lat="1.3053387101835643" lon="103.79267075792043">
        <ele>20.0</ele>
      </trkpt>
      <trkpt lat="1.3054174690717175" lon="103.79262659401417">
        <ele>20.0</ele>
      </trkpt>
      <trkpt lat="1.3054973569629187" lon="103.7925844863135">
        <ele>20.0</ele>
      </trkpt>
      <trkpt lat="1.3055773635170898" lon="103.79254259472762">
        <ele>20.0</ele>
      </trkpt>
      <trkpt lat="1.3056573700704237" lon="103.79250070313905">
        <ele>20.0</ele>
      </trkpt>
      <trkpt lat="1.30573737662292" lon="103.79245881154777">
        <ele>20.0</ele>
      </trkpt>
      <trkpt lat="1.3058165450031853" lon="103.79241537856223">
        <ele>20.0</ele>
      </trkpt>
      <trkpt lat="1.3058956625084954" lon="103.79237185201686">
        <ele>20.0</ele>
      </trkpt>
      <trkpt lat="1.3059747800129102" lon="103.79232832546869">
        <ele>20.0</ele>
      </trkpt>
      <trkpt lat="1.3060538975164295" lon="103.79228479891778">
        <ele>20.0</ele>
      </trkpt>
      <trkpt lat="1.306133015019054" lon="103.79224127236407">
        <ele>20.0</ele>
      </trkpt>
      <trkpt lat="1.3062125193061769" lon="103.79219844727916">
        <ele>20.0</ele>
      </trkpt>
      <trkpt lat="1.3062920280818555" lon="103.79215563033351">
        <ele>20.0</ele>
      </trkpt>
      <trkpt lat="1.3063715368566635" lon="103.79211281338512">
        <ele>20.0</ele>
      </trkpt>
      <trkpt lat="1.3064510456306015" lon="103.79206999643398">
        <ele>20.0</ele>
      </trkpt>
      <trkpt lat="1.3065326317264323" lon="103.79203137821658">
        <ele>20.0</ele>
      </trkpt>
      <trkpt lat="1.306615469000366" lon="103.7919953277914">
        <ele>20.0</ele>
      </trkpt>
      <trkpt lat="1.3066986912150729" lon="103.79196017346572">
        <ele>20.0</ele>
      </trkpt>
      <trkpt lat="1.3067828030200244" lon="103.7919271613576">
        <ele>20.0</ele>
      </trkpt>
      <trkpt lat="1.3068669148244116" lon="103.79189414924723">
        <ele>20.0</ele>
      </trkpt>
      <trkpt lat="1.3069510679010763" lon="103.7918612529898">
        <ele>20.0</ele>
      </trkpt>
      <trkpt lat="1.3070373526993186" lon="103.79183434059611">
        <ele>20.0</ele>
      </trkpt>
      <trkpt lat="1.3071236374971522" lon="103.7918074282005">
        <ele>20.0</ele>
      </trkpt>
      <trkpt lat="1.3072099222945768" lon="103.79178051580296">
        <ele>20.0</ele>
      </trkpt>
      <trkpt lat="1.3072967877169583" lon="103.79175556665585">
        <ele>20.0</ele>
      </trkpt>
      <trkpt lat="1.3073843276282782" lon="103.79173304028151">
        <ele>20.0</ele>
      </trkpt>
      <trkpt lat="1.307472162576795" lon="103.79171164340214">
        <ele>20.0</ele>
      </trkpt>
      <trkpt lat="1.307559705253548" lon="103.79168920131582">
        <ele>20.0</ele>
      </trkpt>
      <trkpt lat="1.3076460607769516" lon="103.7916625137957">
        <ele>20.0</ele>
      </trkpt>
      <trkpt lat="1.3077324162999515" lon="103.79163582627366">
        <ele>20.0</ele>
      </trkpt>
      <trkpt lat="1.3078187718225471" lon="103.79160913874972">
        <ele>20.0</ele>
      </trkpt>
      <trkpt lat="1.3079045210806854" lon="103.7915807084198">
        <ele>20.0</ele>
      </trkpt>
      <trkpt lat="1.307989050412786" lon="103.79154876839821">
        <ele>20.0</ele>
      </trkpt>
      <trkpt lat="1.3080744091717333" lon="103.79151908358935">
        <ele>20.0</ele>
      </trkpt>
      <trkpt lat="1.3081606340284682" lon="103.79149201986901">
        <ele>20.0</ele>
      </trkpt>
      <trkpt lat="1.3082470910750612" lon="103.79146565882884">
        <ele>20.0</ele>
      </trkpt>
      <trkpt lat="1.3083335481212568" lon="103.79143929778678">
        <ele>20.0</ele>
      </trkpt>
      <trkpt lat="1.3084200051670556" lon="103.79141293674283">
        <ele>20.0</ele>
      </trkpt>
      <trkpt lat="1.3085063815521882" lon="103.79138631696794">
        <ele>20.0</ele>
      </trkpt>
      <trkpt lat="1.3085926981683467" lon="103.79135950547517">
        <ele>20.0</ele>
      </trkpt>
      <trkpt lat="1.308679014784098" lon="103.7913326939805">
        <ele>20.0</ele>
      </trkpt>
      <trkpt lat="1.3087653313994416" lon="103.79130588248387">
        <ele>20.0</ele>
      </trkpt>
      <trkpt lat="1.3088516480143777" lon="103.79127907098534">
        <ele>20.0</ele>
      </trkpt>
      <trkpt lat="1.3089379646289057" lon="103.79125225948488">
        <ele>20.0</ele>
      </trkpt>
      <trkpt lat="1.3090242812430262" lon="103.7912254479825">
        <ele>20.0</ele>
      </trkpt>
      <trkpt lat="1.3091108122938027" lon="103.79119934913673">
        <ele>20.0</ele>
      </trkpt>
      <trkpt lat="1.3091977763863905" lon="103.79117468945822">
        <ele>20.0</ele>
      </trkpt>
      <trkpt lat="1.3092847404786174" lon="103.79115002977792">
        <ele>20.0</ele>
      </trkpt>
      <trkpt lat="1.3093717045704845" lon="103.79112537009584">
        <ele>20.0</ele>
      </trkpt>
      <trkpt lat="1.3094586686619916" lon="103.79110071041197">
        <ele>20.0</ele>
      </trkpt>
      <trkpt lat="1.3095456327531383" lon="103.79107605072632">
        <ele>20.0</ele>
      </trkpt>
      <trkpt lat="1.3096325968439246" lon="103.79105139103886">
        <ele>20.0</ele>
      </trkpt>
      <trkpt lat="1.3097195609343513" lon="103.79102673134963">
        <ele>20.0</ele>
      </trkpt>
      <trkpt lat="1.3098065250244169" lon="103.79100207165861">
        <ele>20.0</ele>
      </trkpt>
      <trkpt lat="1.3098934891141227" lon="103.7909774119658">
        <ele>20.0</ele>
      </trkpt>
      <trkpt lat="1.3099807809956159" lon="103.79095393608908">
        <ele>20.0</ele>
      </trkpt>
      <trkpt lat="1.310068202548358" lon="103.79093092851822">
        <ele>20.0</ele>
      </trkpt>
      <trkpt lat="1.3101556241007746" lon="103.79090792094566">
        <ele>20.0</ele>
      </trkpt>
      <trkpt lat="1.310243045652865" lon="103.79088491337141">
        <ele>20.0</ele>
      </trkpt>
      <trkpt lat="1.3103304672046294" lon="103.79086190579548">
        <ele>20.0</ele>
      </trkpt>
      <trkpt lat="1.3104176155909362" lon="103.79083800120576">
        <ele>20.0</ele>
      </trkpt>
      <trkpt lat="1.3105032106713816" lon="103.79080899591251">
        <ele>20.0</ele>
      </trkpt>
      <trkpt lat="1.310588805751366" lon="103.79077999061724">
        <ele>20.0</ele>
      </trkpt>
      <trkpt lat="1.3106754962822702" lon="103.7907547034278">
        <ele>20.0</ele>
      </trkpt>
      <trkpt lat="1.3107633220778943" lon="103.79073326947746">
        <ele>20.0</ele>
      </trkpt>
      <trkpt lat="1.3108521373875721" lon="103.79071652002382">
        <ele>20.0</ele>
      </trkpt>
      <trkpt lat="1.3109412257422604" lon="103.7907010632029">
        <ele>20.0</ele>
      </trkpt>
      <trkpt lat="1.3110303140967534" lon="103.79068560638079">
        <ele>20.0</ele>
      </trkpt>
      <trkpt lat="1.3111192971437757" lon="103.79066967260175">
        <ele>20.0</ele>
      </trkpt>
      <trkpt lat="1.3112067167616726" lon="103.79064665776846">
        <ele>20.0</ele>
      </trkpt>
      <trkpt lat="1.311293679301249" lon="103.79062211203421">
        <ele>20.0</ele>
      </trkpt>
      <trkpt lat="1.3113795889104576" lon="103.79059403970143">
        <ele>20.0</ele>
      </trkpt>
      <trkpt lat="1.311465464685044" lon="103.79056587343202">
        <ele>20.0</ele>
      </trkpt>
      <trkpt lat="1.3115497940154095" lon="103.79053341373286">
        <ele>20.0</ele>
      </trkpt>
      <trkpt lat="1.3116340559035264" lon="103.79050078286042">
        <ele>20.0</ele>
      </trkpt>
      <trkpt lat="1.3117181527353174" lon="103.79046773306445">
        <ele>20.0</ele>
      </trkpt>
      <trkpt lat="1.3118017369943105" lon="103.79043352112721">
        <ele>20.0</ele>
      </trkpt>
      <trkpt lat="1.3118831946677636" lon="103.79039448764829">
        <ele>20.0</ele>
      </trkpt>
      <trkpt lat="1.3119646523404669" lon="103.79035545416676">
        <ele>20.0</ele>
      </trkpt>
      <trkpt lat="1.3120449270330672" lon="103.79031407943245">
        <ele>20.0</ele>
      </trkpt>
      <trkpt lat="1.3121250952698251" lon="103.79027249400889">
        <ele>20.0</ele>
      </trkpt>
      <trkpt lat="1.3122029423175585" lon="103.79022687019284">
        <ele>20.0</ele>
      </trkpt>
      <trkpt lat="1.3122800391012441" lon="103.79017992358146">
        <ele>20.0</ele>
      </trkpt>
      <trkpt lat="1.3123589842788759" lon="103.79013608914127">
        <ele>20.0</ele>
      </trkpt>
      <trkpt lat="1.3124361047333997" lon="103.79008931617744">
        <ele>20.0</ele>
      </trkpt>
      <trkpt lat="1.312510948602839" lon="103.79003887701455">
        <ele>20.0</ele>
      </trkpt>
      <trkpt lat="1.3125849005064654" lon="103.78998718627929">
        <ele>20.0</ele>
      </trkpt>
      <trkpt lat="1.3126576400655257" lon="103.789933794429">
        <ele>20.0</ele>
      </trkpt>
      <trkpt lat="1.3127291806834753" lon="103.78987887448125">
        <ele>20.0</ele>
      </trkpt>
      <trkpt lat="1.3127990429786829" lon="103.78982181544602">
        <ele>20.0</ele>
      </trkpt>
      <trkpt lat="1.3128689052724338" lon="103.78976475640758">
        <ele>20.0</ele>
      </trkpt>
      <trkpt lat="1.3129387675647297" lon="103.78970769736597">
        <ele>20.0</ele>
      </trkpt>
      <trkpt lat="1.3130041517496862" lon="103.78964569769177">
        <ele>20.0</ele>
      </trkpt>
      <trkpt lat="1.3130650600288738" lon="103.78957953117455">
        <ele>20.0</ele>
      </trkpt>
      <trkpt lat="1.3131205232835417" lon="103.78950855815226">
        <ele>20.0</ele>
      </trkpt>
      <trkpt lat="1.3131759865360513" lon="103.78943758512688">
        <ele>20.0</ele>
      </trkpt>
      <trkpt lat="1.3132303265392655" lon="103.7893657971678">
        <ele>20.0</ele>
      </trkpt>
      <trkpt lat="1.3132814814746137" lon="103.78929169839863">
        <ele>20.0</ele>
      </trkpt>
      <trkpt lat="1.3133336416193013" lon="103.78921836943867">
        <ele>20.0</ele>
      </trkpt>
      <trkpt lat="1.3133927362258648" lon="103.78915035103361">
        <ele>20.0</ele>
      </trkpt>
      <trkpt lat="1.3134518308304288" lon="103.78908233262538">
        <ele>20.0</ele>
      </trkpt>
      <trkpt lat="1.313505942570074" lon="103.78901037546075">
        <ele>20.0</ele>
      </trkpt>
      <trkpt lat="1.3135593656319784" lon="103.7889378739227">
        <ele>20.0</ele>
      </trkpt>
      <trkpt lat="1.3136110618375507" lon="103.78886415181891">
        <ele>20.0</ele>
      </trkpt>
      <trkpt lat="1.3136624761759799" lon="103.78879023048644">
        <ele>20.0</ele>
      </trkpt>
      <trkpt lat="1.3137138905120833" lon="103.78871630915098">
        <ele>20.0</ele>
      </trkpt>
      <trkpt lat="1.3137653048458608" lon="103.78864238781256">
        <ele>20.0</ele>
      </trkpt>
      <trkpt lat="1.3138167191773127" lon="103.78856846647113">
        <ele>20.0</ele>
      </trkpt>
      <trkpt lat="1.3138665593466126" lon="103.78849354012398">
        <ele>20.0</ele>
      </trkpt>
      <trkpt lat="1.3139128673124758" lon="103.78841635868422">
        <ele>20.0</ele>
      </trkpt>
      <trkpt lat="1.3139570740782953" lon="103.7883380006862">
        <ele>20.0</ele>
      </trkpt>
      <trkpt lat="1.3139995426106335" lon="103.78825866937152">
        <ele>20.0</ele>
      </trkpt>
      <trkpt lat="1.314043706881932" lon="103.78818025745059">
        <ele>20.0</ele>
      </trkpt>
      <trkpt lat="1.3140878733394425" lon="103.7881018467137">
        <ele>20.0</ele>
      </trkpt>
      <trkpt lat="1.3141320397943652" lon="103.78802343597411">
        <ele>20.0</ele>
      </trkpt>
      <trkpt lat="1.3141762062466986" lon="103.78794502523182">
        <ele>20.0</ele>
      </trkpt>
      <trkpt lat="1.3142217716859301" lon="103.78786740963456">
        <ele>20.0</ele>
      </trkpt>
      <trkpt lat="1.3142775694201596" lon="103.78779705641082">
        <ele>20.0</ele>
      </trkpt>
      <trkpt lat="1.314342146714724" lon="103.78773415058323">
        <ele>20.0</ele>
      </trkpt>
      <trkpt lat="1.3144060871754888" lon="103.78767064481703">
        <ele>20.0</ele>
      </trkpt>
      <trkpt lat="1.3144658760192622" lon="103.78760322796803">
        <ele>20.0</ele>
      </trkpt>
      <trkpt lat="1.314526266931608" lon="103.78753636644682">
        <ele>20.0</ele>
      </trkpt>
      <trkpt lat="1.314589495141336" lon="103.7874721219581">
        <ele>20.0</ele>
      </trkpt>
      <trkpt lat="1.3146527233492546" lon="103.78740787746615">
        <ele>20.0</ele>
      </trkpt>
      <trkpt lat="1.3147159515553632" lon="103.78734363297099">
        <ele>20.000000000000004</ele>
      </trkpt>
      <trkpt lat="1.3147791797596615" lon="103.78727938847258">
        <ele>20.000000000000004</ele>
      </trkpt>
      <trkpt lat="1.3148431669136253" lon="103.78721592882638">
        <ele>20.000000000000004</ele>
      </trkpt>
      <trkpt lat="1.3149103039299848" lon="103.7871557265498">
        <ele>20.0</ele>
      </trkpt>
      <trkpt lat="1.314977440944733" lon="103.78709552427">
        <ele>20.0</ele>
      </trkpt>
      <trkpt lat="1.3150445779578694" lon="103.78703532198696">
        <ele>20.0</ele>
      </trkpt>
      <trkpt lat="1.3151143653915336" lon="103.78697823625755">
        <ele>20.0</ele>
      </trkpt>
      <trkpt lat="1.3151853116265702" lon="103.78692251312857">
        <ele>20.0</ele>
      </trkpt>
      <trkpt lat="1.3152562578602016" lon="103.78686678999644">
        <ele>20.0</ele>
      </trkpt>
      <trkpt lat="1.3153272040924282" lon="103.7868110668611">
        <ele>20.0</ele>
      </trkpt>
      <trkpt lat="1.3153978165162798" lon="103.78675492733815">
        <ele>20.0</ele>
      </trkpt>
      <trkpt lat="1.3154683467680641" lon="103.78669868531394">
        <ele>20.0</ele>
      </trkpt>
      <trkpt lat="1.3155388770184198" lon="103.78664244328652">
        <ele>20.0</ele>
      </trkpt>
      <trkpt lat="1.3156094072673459" lon="103.78658620125593">
        <ele>20.0</ele>
      </trkpt>
      <trkpt lat="1.3156799375148425" lon="103.78652995922215">
        <ele>20.0</ele>
      </trkpt>
      <trkpt lat="1.3157504677609095" lon="103.78647371718519">
        <ele>20.0</ele>
      </trkpt>
      <trkpt lat="1.3158189880792017" lon="103.78641507830677">
        <ele>20.0</ele>
      </trkpt>
      <trkpt lat="1.3158873951366392" lon="103.78635630436335">
        <ele>20.0</ele>
      </trkpt>
      <trkpt lat="1.3159558021925293" lon="103.78629753041672">
        <ele>20.0</ele>
      </trkpt>
      <trkpt lat="1.3160277228713257" lon="103.78624319355927">
        <ele>20.0</ele>
      </trkpt>
      <trkpt lat="1.316101603920807" lon="103.78619137766576">
        <ele>20.0</ele>
      </trkpt>
      <trkpt lat="1.3161761589129357" lon="103.78614051785654">
        <ele>20.0</ele>
      </trkpt>
      <trkpt lat="1.3162507139038664" lon="103.78608965804423">
        <ele>20.0</ele>
      </trkpt>
      <trkpt lat="1.3163233673277743" lon="103.78603615703877">
        <ele>20.0</ele>
      </trkpt>
      <trkpt lat="1.3163958941352343" lon="103.78598248016739">
        <ele>20.0</ele>
      </trkpt>
      <trkpt lat="1.3164684209413766" lon="103.78592880329289">
        <ele>20.0</ele>
      </trkpt>
      <trkpt lat="1.3165409477462002" lon="103.78587512641525">
        <ele>20.0</ele>
      </trkpt>
      <trkpt lat="1.3166104569620425" lon="103.78581781430306">
        <ele>20.0</ele>
      </trkpt>
      <trkpt lat="1.3166772967057043" lon="103.78575728632634">
        <ele>20.0</ele>
      </trkpt>
      <trkpt lat="1.3167441364477346" lon="103.78569675834638">
        <ele>20.0</ele>
      </trkpt>
      <trkpt lat="1.3168110693469883" lon="103.78563633228973">
        <ele>20.0</ele>
      </trkpt>
      <trkpt lat="1.3168781301689112" lon="103.78557604619377">
        <ele>20.0</ele>
      </trkpt>
      <trkpt lat="1.3169494199480616" lon="103.78552087346998">
        <ele>20.0</ele>
      </trkpt>
      <trkpt lat="1.3170219458741905" lon="103.78546719541129">
        <ele>20.0</ele>
      </trkpt>
      <trkpt lat="1.3170944717989992" lon="103.78541351734945">
        <ele>20.0</ele>
      </trkpt>
      <trkpt lat="1.3171669977224882" lon="103.7853598392845">
        <ele>20.0</ele>
      </trkpt>
      <trkpt lat="1.3172395236446564" lon="103.78530616121638">
        <ele>20.0</ele>
      </trkpt>
      <trkpt lat="1.3173182851325227" lon="103.78526210209615">
        <ele>20.0</ele>
      </trkpt>
      <trkpt lat="1.3173979163131093" lon="103.78521951638066">
        <ele>20.0</ele>
      </trkpt>
      <trkpt lat="1.3174769733235316" lon="103.78517600402071">
        <ele>20.0</ele>
      </trkpt>
      <trkpt lat="1.3175527287103552" lon="103.78512692649902">
        <ele>20.0</ele>
      </trkpt>
      <trkpt lat="1.3176284840960497" lon="103.78507784897434">
        <ele>20.0</ele>
      </trkpt>
      <trkpt lat="1.3177042394806153" lon="103.78502877144662">
        <ele>20.0</ele>
      </trkpt>
      <trkpt lat="1.317779994864051" lon="103.7849796939159">
        <ele>20.0</ele>
      </trkpt>
      <trkpt lat="1.3178585762916997" lon="103.7849352898577">
        <ele>20.0</ele>
      </trkpt>
      <trkpt lat="1.3179377576615567" lon="103.78489187793208">
        <ele>20.0</ele>
      </trkpt>
      <trkpt lat="1.3180169390304992" lon="103.78484846600364">
        <ele>20.0</ele>
      </trkpt>
      <trkpt lat="1.3180961203985277" lon="103.7848050540724">
        <ele>20.0</ele>
      </trkpt>
      <trkpt lat="1.3181753017656421" lon="103.78476164213835">
        <ele>20.0</ele>
      </trkpt>
      <trkpt lat="1.318255350142194" lon="103.78471987405699">
        <ele>20.0</ele>
      </trkpt>
      <trkpt lat="1.3183363396759051" lon="103.7846798904127">
        <ele>20.0</ele>
      </trkpt>
      <trkpt lat="1.3184173292088206" lon="103.78463990676575">
        <ele>20.0</ele>
      </trkpt>
      <trkpt lat="1.31849831874094" lon="103.78459992311615">
        <ele>20.0</ele>
      </trkpt>
      <trkpt lat="1.3185799720329703" lon="103.78456145421409">
        <ele>20.0</ele>
      </trkpt>
      <trkpt lat="1.3186646076701745" lon="103.7845297912397">
        <ele>20.0</ele>
      </trkpt>
      <trkpt lat="1.3187492433068357" lon="103.78449812826308">
        <ele>20.0</ele>
      </trkpt>
      <trkpt lat="1.3188338789429532" lon="103.78446646528424">
        <ele>20.0</ele>
      </trkpt>
      <trkpt lat="1.3189185145785278" lon="103.78443480230317">
        <ele>20.0</ele>
      </trkpt>
      <trkpt lat="1.3190031502135586" lon="103.78440313931988">
        <ele>20.0</ele>
      </trkpt>
      <trkpt lat="1.3190883628747703" lon="103.78437322003212">
        <ele>20.000000000000004</ele>
      </trkpt>
      <trkpt lat="1.3191753960489625" lon="103.78434880209109">
        <ele>20.000000000000004</ele>
      </trkpt>
      <trkpt lat="1.3192624292227884" lon="103.78432438414823">
        <ele>20.36200045137168</ele>
      </trkpt>
      <trkpt lat="1.3193494623962485" lon="103.78429996620359">
        <ele>21.08670711010195</ele>
      </trkpt>
      <trkpt lat="1.319436585736418" lon="103.78427586860381">
        <ele>22.174052985625313</ele>
      </trkpt>
      <trkpt lat="1.3195237415283418" lon="103.78425188629852">
        <ele>23.262177751209904</ele>
      </trkpt>
      <trkpt lat="1.319610804793573" lon="103.78422760654806">
        <ele>24.35262818029294</ele>
      </trkpt>
      <trkpt lat="1.3196963806804676" lon="103.78419854533841">
        <ele>25.445471263440155</ele>
      </trkpt>
      <trkpt lat="1.3197819565668871" lon="103.78416948412669">
        <ele>26.540566876011795</ele>
      </trkpt>
      <trkpt lat="1.3198675324528306" lon="103.78414042291288">
        <ele>27.63617435994136</ele>
      </trkpt>
      <trkpt lat="1.3199524735279402" lon="103.78410959739102">
        <ele>28.713601159551114</ele>
      </trkpt>
      <trkpt lat="1.3200371975319654" lon="103.78407816857043">
        <ele>29.524399394448423</ele>
      </trkpt>
      <trkpt lat="1.3201219215354523" lon="103.78404673974761">
        <ele>30.071332220310563</ele>
      </trkpt>
      <trkpt lat="1.3202059384777889" lon="103.78401353178148">
        <ele>30.375583585611054</ele>
      </trkpt>
      <trkpt lat="1.320289417541297" lon="103.78397897037708">
        <ele>30.6504145004759</ele>
      </trkpt>
      <trkpt lat="1.3203728966041777" lon="103.78394440897029">
        <ele>30.841908576249754</ele>
      </trkpt>
      <trkpt lat="1.3204563756664316" lon="103.78390984756109">
        <ele>30.96649550705381</ele>
      </trkpt>
      <trkpt lat="1.3205365317383044" lon="103.78386827184178">
        <ele>31.060225279525984</ele>
      </trkpt>
      <trkpt lat="1.320616536225699" lon="103.78382637615061">
        <ele>31.173739255286772</ele>
      </trkpt>
      <trkpt lat="1.320696540712229" lon="103.7837844804567">
        <ele>31.304608655516002</ele>
      </trkpt>
      <trkpt lat="1.3207729488974946" lon="103.78373669493372">
        <ele>31.461385622682613</ele>
      </trkpt>
      <trkpt lat="1.3208473039972872" lon="103.78368554697728">
        <ele>31.64467388518796</ele>
      </trkpt>
      <trkpt lat="1.3209215093366686" lon="103.78363418920996">
        <ele>31.8421490285108</ele>
      </trkpt>
      <trkpt lat="1.3209946807986854" lon="103.78358138301266">
        <ele>32.04439579381093</ele>
      </trkpt>
      <trkpt lat="1.3210678522594124" lon="103.78352857681222">
        <ele>32.17811216504117</ele>
      </trkpt>
      <trkpt lat="1.3211410237188483" lon="103.78347577060865">
        <ele>32.20863792118206</ele>
      </trkpt>
      <trkpt lat="1.3212141951769933" lon="103.78342296440195">
        <ele>32.14096310849167</ele>
      </trkpt>
      <trkpt lat="1.3212862405748047" lon="103.78336868715387">
        <ele>32.05348914329509</ele>
      </trkpt>
      <trkpt lat="1.3213569989972567" lon="103.7833127286516">
        <ele>31.976708353035914</ele>
      </trkpt>
      <trkpt lat="1.3214277574182782" lon="103.78325677014611">
        <ele>31.89501026002571</ele>
      </trkpt>
      <trkpt lat="1.3215009116807523" lon="103.78320394322813">
        <ele>31.802488093108725</ele>
      </trkpt>
      <trkpt lat="1.3215741118812532" lon="103.78315117635402">
        <ele>31.715309405198436</ele>
      </trkpt>
      <trkpt lat="1.3216434619159816" lon="103.78309383753167">
        <ele>31.66157084572338</ele>
      </trkpt>
      <trkpt lat="1.321708650137212" lon="103.78303155668986">
        <ele>31.641476057160002</ele>
      </trkpt>
      <trkpt lat="1.3217738383567113" lon="103.78296927584479">
        <ele>31.512527306716958</ele>
      </trkpt>
      <trkpt lat="1.3218382600566636" lon="103.78290621835686">
        <ele>31.046352599675235</ele>
      </trkpt>
      <trkpt lat="1.3219022070303472" lon="103.7828426798725">
        <ele>30.242951936035123</ele>
      </trkpt>
      <trkpt lat="1.3219661540022356" lon="103.78277914138488">
        <ele>29.2286554956745</ele>
      </trkpt>
      <trkpt lat="1.3220301009723294" lon="103.78271560289403">
        <ele>28.21435905531415</ele>
      </trkpt>
      <trkpt lat="1.3220940479406278" lon="103.78265206439991">
        <ele>27.200062614953747</ele>
      </trkpt>
      <trkpt lat="1.3221579949071305" lon="103.78258852590254">
        <ele>26.185766174593407</ele>
      </trkpt>
      <trkpt lat="1.3222219418718377" lon="103.78252498740193">
        <ele>25.170998686422</ele>
      </trkpt>
      <trkpt lat="1.3222862371954378" lon="103.78246180781987">
        <ele>24.153146250898658</ele>
      </trkpt>
      <trkpt lat="1.3223524656116248" lon="103.78240061993378">
        <ele>23.132208868023316</ele>
      </trkpt>
      <trkpt lat="1.3224186940261315" lon="103.78233943204442">
        <ele>22.108345471954767</ele>
      </trkpt>
      <trkpt lat="1.3224852019568394" lon="103.78227856601103">
        <ele>21.079580690254602</ele>
      </trkpt>
      <trkpt lat="1.3225558198746743" lon="103.78222243254362">
        <ele>20.37669482838559</ele>
      </trkpt>
      <trkpt lat="1.3226264377910668" lon="103.78216629907303">
        <ele>20.015304840974277</ele>
      </trkpt>
      <trkpt lat="1.3226990880684744" lon="103.78211311349031">
        <ele>20.0</ele>
      </trkpt>
      <trkpt lat="1.322777280694273" lon="103.78206796694452">
        <ele>20.0</ele>
      </trkpt>
      <trkpt lat="1.3228554733190847" lon="103.78202282039585">
        <ele>20.0</ele>
      </trkpt>
      <trkpt lat="1.3229336659429094" lon="103.78197767384428">
        <ele>20.0</ele>
      </trkpt>
      <trkpt lat="1.3230156020041999" lon="103.78193977011657">
        <ele>20.0</ele>
      </trkpt>
      <trkpt lat="1.3230980895407023" lon="103.7819029333852">
        <ele>20.0</ele>
      </trkpt>
      <trkpt lat="1.3231805770765035" lon="103.7818660966513">
        <ele>20.0</ele>
      </trkpt>
      <trkpt lat="1.323263064611603" lon="103.78182925991489">
        <ele>20.0</ele>
      </trkpt>
      <trkpt lat="1.3233499177213544" lon="103.78180422001054">
        <ele>20.0</ele>
      </trkpt>
      <trkpt lat="1.3234367749625822" lon="103.78177919126964">
        <ele>20.0</ele>
      </trkpt>
      <trkpt lat="1.323523632203426" lon="103.78175416252688">
        <ele>20.0</ele>
      </trkpt>
      <trkpt lat="1.3236104894438858" lon="103.78172913378226">
        <ele>20.0</ele>
      </trkpt>
      <trkpt lat="1.3236978677101552" lon="103.78170597692353">
        <ele>20.0</ele>
      </trkpt>
      <trkpt lat="1.3237853260509458" lon="103.78168310774757">
        <ele>20.0</ele>
      </trkpt>
      <trkpt lat="1.323873629352351" lon="103.7816640643205">
        <ele>20.0</ele>
      </trkpt>
      <trkpt lat="1.3239626893080194" lon="103.78164844681537">
        <ele>20.0</ele>
      </trkpt>
      <trkpt lat="1.3240522238048502" lon="103.78163636182022">
        <ele>20.0</ele>
      </trkpt>
      <trkpt lat="1.324142288649356" lon="103.78162822476156">
        <ele>20.0</ele>
      </trkpt>
      <trkpt lat="1.324232434410455" lon="103.78162129006643">
        <ele>20.0</ele>
      </trkpt>
      <trkpt lat="1.3243227878194095" lon="103.78161744087033">
        <ele>20.0</ele>
      </trkpt>
      <trkpt lat="1.324413141228281" lon="103.78161359167383">
        <ele>20.0</ele>
      </trkpt>
      <trkpt lat="1.3245034785184697" lon="103.78160939959344">
        <ele>20.0</ele>
      </trkpt>
      <trkpt lat="1.3245937996726176" lon="103.78160486425992">
        <ele>20.0</ele>
      </trkpt>
      <trkpt lat="1.3246841208266773" lon="103.78160032892595">
        <ele>20.0</ele>
      </trkpt>
      <trkpt lat="1.3247744419806502" lon="103.78159579359152">
        <ele>20.0</ele>
      </trkpt>
      <trkpt lat="1.3248647631345358" lon="103.78159125825664">
        <ele>20.0</ele>
      </trkpt>
      <trkpt lat="1.3249550842883335" lon="103.78158672292129">
        <ele>20.0</ele>
      </trkpt>
      <trkpt lat="1.325045405442044" lon="103.7815821875855">
        <ele>20.0</ele>
      </trkpt>
      <trkpt lat="1.3251357265956671" lon="103.78157765224924">
        <ele>20.0</ele>
      </trkpt>
      <trkpt lat="1.3252260477492026" lon="103.78157311691254">
        <ele>20.0</ele>
      </trkpt>
      <trkpt lat="1.3253163689026504" lon="103.78156858157537">
        <ele>20.0</ele>
      </trkpt>
      <trkpt lat="1.325406690056011" lon="103.78156404623776">
        <ele>20.0</ele>
      </trkpt>
      <trkpt lat="1.3254970550037142" lon="103.78156057370173">
        <ele>20.0</ele>
      </trkpt>
      <trkpt lat="1.3255874470110691" lon="103.78155775785017">
        <ele>20.0</ele>
      </trkpt>
      <trkpt lat="1.325677839018347" lon="103.78155494199825">
        <ele>20.0</ele>
      </trkpt>
      <trkpt lat="1.325768231025547" lon="103.78155212614604">
        <ele>20.0</ele>
      </trkpt>
      <trkpt lat="1.3258586028380925" lon="103.78154879863597">
        <ele>20.0</ele>
      </trkpt>
      <trkpt lat="1.3259489391905235" lon="103.78154457269659">
        <ele>20.0</ele>
      </trkpt>
      <trkpt lat="1.3260392755428687" lon="103.78154034675676">
        <ele>20.0</ele>
      </trkpt>
      <trkpt lat="1.3261296118951282" lon="103.7815361208165">
        <ele>20.0</ele>
      </trkpt>
      <trkpt lat="1.3262199482473027" lon="103.78153189487581">
        <ele>20.0</ele>
      </trkpt>
      <trkpt lat="1.3263102845993908" lon="103.78152766893469">
        <ele>20.0</ele>
      </trkpt>
      <trkpt lat="1.3264006209513939" lon="103.78152344299312">
        <ele>20.0</ele>
      </trkpt>
      <trkpt lat="1.3264909645760523" lon="103.78151937996269">
        <ele>20.0</ele>
      </trkpt>
      <trkpt lat="1.326581322739525" lon="103.78151564260745">
        <ele>20.0</ele>
      </trkpt>
      <trkpt lat="1.3266716809029149" lon="103.78151190525179">
        <ele>20.0</ele>
      </trkpt>
      <trkpt lat="1.3267620390662218" lon="103.78150816789574">
        <ele>20.0</ele>
      </trkpt>
      <trkpt lat="1.3268523972294466" lon="103.78150443053929">
        <ele>20.0</ele>
      </trkpt>
      <trkpt lat="1.3269427553925885" lon="103.78150069318244">
        <ele>20.0</ele>
      </trkpt>
      <trkpt lat="1.3270331135556477" lon="103.7814969558252">
        <ele>20.0</ele>
      </trkpt>
      <trkpt lat="1.327123471718624" lon="103.78149321846755">
        <ele>20.0</ele>
      </trkpt>
      <trkpt lat="1.327213829881518" lon="103.7814894811095">
        <ele>20.0</ele>
      </trkpt>
      <trkpt lat="1.3273041891044666" lon="103.78148576980239">
        <ele>20.0</ele>
      </trkpt>
      <trkpt lat="1.327394555994021" lon="103.78148224689254">
        <ele>20.0</ele>
      </trkpt>
      <trkpt lat="1.3274849228834946" lon="103.78147872398229">
        <ele>20.0</ele>
      </trkpt>
      <trkpt lat="1.327575289772887" lon="103.78147520107167">
        <ele>20.0</ele>
      </trkpt>
      <trkpt lat="1.3276656566621972" lon="103.78147167816066">
        <ele>20.0</ele>
      </trkpt>
      <trkpt lat="1.3277560235514259" lon="103.78146815524926">
        <ele>20.0</ele>
      </trkpt>
      <trkpt lat="1.3278463904405733" lon="103.78146463233749">
        <ele>20.0</ele>
      </trkpt>
      <trkpt lat="1.327936757329639" lon="103.78146110942532">
        <ele>20.0</ele>
      </trkpt>
      <trkpt lat="1.3280271168413134" lon="103.78145748190211">
        <ele>20.0</ele>
      </trkpt>
      <trkpt lat="1.328117095189443" lon="103.78144844945953">
        <ele>20.0</ele>
      </trkpt>
      <trkpt lat="1.3282070735374483" lon="103.78143941701619">
        <ele>20.0</ele>
      </trkpt>
      <trkpt lat="1.3282971568241846" lon="103.78143164621794">
        <ele>20.0</ele>
      </trkpt>
      <trkpt lat="1.328387406838838" lon="103.78142587993611">
        <ele>20.0</ele>
      </trkpt>
      <trkpt lat="1.3284776568533947" lon="103.78142011365372">
        <ele>20.0</ele>
      </trkpt>
      <trkpt lat="1.3285679068678553" lon="103.7814143473708">
        <ele>20.0</ele>
      </trkpt>
      <trkpt lat="1.328657770093572" lon="103.78140463042361">
        <ele>20.0</ele>
      </trkpt>
      <trkpt lat="1.3287474466304054" lon="103.7813930066346">
        <ele>20.0</ele>
      </trkpt>
      <trkpt lat="1.3288371231670857" lon="103.78138138284464">
        <ele>20.0</ele>
      </trkpt>
      <trkpt lat="1.3289267997036118" lon="103.7813697590537">
        <ele>20.0</ele>
      </trkpt>
      <trkpt lat="1.329016694337226" lon="103.78136036815557">
        <ele>20.0</ele>
      </trkpt>
      <trkpt lat="1.3291069469698045" lon="103.78135464247467">
        <ele>20.0</ele>
      </trkpt>
      <trkpt lat="1.3291971996022873" lon="103.78134891679322">
        <ele>20.0</ele>
      </trkpt>
      <trkpt lat="1.329287452234674" lon="103.7813431911112">
        <ele>20.0</ele>
      </trkpt>
      <trkpt lat="1.3293777048669644" lon="103.78133746542868">
        <ele>20.0</ele>
      </trkpt>
      <trkpt lat="1.3294680195999535" lon="103.78133314317076">
        <ele>20.0</ele>
      </trkpt>
      <trkpt lat="1.3295584297383258" lon="103.78133097699495">
        <ele>20.0</ele>
      </trkpt>
      <trkpt lat="1.3296487996857986" lon="103.78133050340122">
        <ele>20.0</ele>
      </trkpt>
      <trkpt lat="1.329739006416593" lon="103.78133690345477">
        <ele>20.0</ele>
      </trkpt>
      <trkpt lat="1.3298292131473233" lon="103.78134330350868">
        <ele>20.0</ele>
      </trkpt>
      <trkpt lat="1.329919642545692" lon="103.78134349735357">
        <ele>20.0</ele>
      </trkpt>
      <trkpt lat="1.3300100789666953" lon="103.78134349546113">
        <ele>20.0</ele>
      </trkpt>
      <trkpt lat="1.330100515387632" lon="103.78134349356857">
        <ele>20.0</ele>
      </trkpt>
      <trkpt lat="1.330190893826108" lon="103.78134062588377">
        <ele>20.0</ele>
      </trkpt>
      <trkpt lat="1.330281257259394" lon="103.78133701656787">
        <ele>20.0</ele>
      </trkpt>
      <trkpt lat="1.3303716206925977" lon="103.7813334072516">
        <ele>20.0</ele>
      </trkpt>
      <trkpt lat="1.3304619841257195" lon="103.78132979793492">
        <ele>20.0</ele>
      </trkpt>
      <trkpt lat="1.3305523475587588" lon="103.78132618861785">
        <ele>20.0</ele>
      </trkpt>
      <trkpt lat="1.330642710991716" lon="103.7813225793004">
        <ele>20.0</ele>
      </trkpt>
      <trkpt lat="1.330733002641092" lon="103.78131752965564">
        <ele>20.0</ele>
      </trkpt>
      <trkpt lat="1.3308232828903521" lon="103.7813122512703">
        <ele>20.0</ele>
      </trkpt>
      <trkpt lat="1.3309135631395193" lon="103.78130697288447">
        <ele>20.0</ele>
      </trkpt>
      <trkpt lat="1.3310038433885931" lon="103.78130169449813">
        <ele>20.0</ele>
      </trkpt>
      <trkpt lat="1.3310941236375744" lon="103.78129641611126">
        <ele>20.0</ele>
      </trkpt>
      <trkpt lat="1.3311844038864622" lon="103.7812911377239">
        <ele>20.0</ele>
      </trkpt>
      <trkpt lat="1.331274684135258" lon="103.78128585933602">
        <ele>20.0</ele>
      </trkpt>
      <trkpt lat="1.33136496438396" lon="103.78128058094762">
        <ele>20.0</ele>
      </trkpt>
      <trkpt lat="1.3314547254433038" lon="103.78127004644452">
        <ele>20.0</ele>
      </trkpt>
      <trkpt lat="1.331544315920832" lon="103.78125778502361">
        <ele>20.0</ele>
      </trkpt>
      <trkpt lat="1.3316339063981983" lon="103.78124552360171">
        <ele>20.0</ele>
      </trkpt>
      <trkpt lat="1.331723496875403" lon="103.78123326217879">
        <ele>20.0</ele>
      </trkpt>
      <trkpt lat="1.3318133144025457" lon="103.78122355617342">
        <ele>20.0</ele>
      </trkpt>
      <trkpt lat="1.3319036812792056" lon="103.78122003302413">
        <ele>20.0</ele>
      </trkpt>
      <trkpt lat="1.3319940271895325" lon="103.78122364169639">
        <ele>20.0</ele>
      </trkpt>
      <trkpt lat="1.33208437180941" lon="103.78122768930318">
        <ele>20.0</ele>
      </trkpt>
      <trkpt lat="1.3321747164292264" lon="103.78123173691014">
        <ele>20.0</ele>
      </trkpt>
      <trkpt lat="1.3322650810239578" lon="103.78123290862982">
        <ele>20.0</ele>
      </trkpt>
      <trkpt lat="1.3323554732628156" lon="103.78123010028948">
        <ele>20.0</ele>
      </trkpt>
      <trkpt lat="1.3324458655015952" lon="103.7812272919488">
        <ele>20.0</ele>
      </trkpt>
      <trkpt lat="1.3325362926226796" lon="103.78122616613614">
        <ele>20.0</ele>
      </trkpt>
      <trkpt lat="1.3326267245801082" lon="103.78122527360449">
        <ele>20.0</ele>
      </trkpt>
      <trkpt lat="1.3327171565374671" lon="103.78122438107265">
        <ele>20.0</ele>
      </trkpt>
      <trkpt lat="1.3328075884947568" lon="103.78122348854062">
        <ele>20.0</ele>
      </trkpt>
      <trkpt lat="1.3328980204519767" lon="103.78122259600838">
        <ele>20.0</ele>
      </trkpt>
      <trkpt lat="1.3329884524091271" lon="103.78122170347595">
        <ele>20.0</ele>
      </trkpt>
      <trkpt lat="1.333078884366208" lon="103.78122081094332">
        <ele>20.0</ele>
      </trkpt>
      <trkpt lat="1.3331693163232197" lon="103.78121991841051">
        <ele>20.0</ele>
      </trkpt>
      <trkpt lat="1.3332597482636475" lon="103.78121902422839">
        <ele>20.0</ele>
      </trkpt>
      <trkpt lat="1.3333501801920502" lon="103.78121812885212">
        <ele>20.0</ele>
      </trkpt>
      <trkpt lat="1.3334406121203837" lon="103.78121723347564">
        <ele>20.0</ele>
      </trkpt>
      <trkpt lat="1.3335310440486472" lon="103.78121633809897">
        <ele>20.0</ele>
      </trkpt>
      <trkpt lat="1.333621475976841" lon="103.78121544272211">
        <ele>20.0</ele>
      </trkpt>
      <trkpt lat="1.3337119079049653" lon="103.78121454734506">
        <ele>20.0</ele>
      </trkpt>
      <trkpt lat="1.33380233983302" lon="103.78121365196782">
        <ele>20.0</ele>
      </trkpt>
      <trkpt lat="1.3338899364679588" lon="103.78121278466294">
        <ele>20.0</ele>
      </trkpt>
      <trkpt lat="1.333980212738824" lon="103.78120743956137">
        <ele>20.0</ele>
      </trkpt>
      <trkpt lat="1.3340704890095954" lon="103.78120209445927">
        <ele>20.0</ele>
      </trkpt>
      <trkpt lat="1.3341607652802734" lon="103.78119674935665">
        <ele>20.0</ele>
      </trkpt>
      <trkpt lat="1.3342510415508575" lon="103.78119140425352">
        <ele>20.0</ele>
      </trkpt>
      <trkpt lat="1.3343413178213483" lon="103.78118605914987">
        <ele>20.0</ele>
      </trkpt>
      <trkpt lat="1.3344315940917453" lon="103.7811807140457">
        <ele>20.0</ele>
      </trkpt>
      <trkpt lat="1.334521870362049" lon="103.78117536894102">
        <ele>20.0</ele>
      </trkpt>
      <trkpt lat="1.334612146632259" lon="103.78117002383581">
        <ele>20.0</ele>
      </trkpt>
      <trkpt lat="1.3347024229023747" lon="103.7811646787301">
        <ele>20.0</ele>
      </trkpt>
      <trkpt lat="1.3347926991723973" lon="103.78115933362385">
        <ele>20.0</ele>
      </trkpt>
      <trkpt lat="1.3348829754423261" lon="103.78115398851709">
        <ele>20.0</ele>
      </trkpt>
      <trkpt lat="1.3349732517121613" lon="103.78114864340982">
        <ele>20.0</ele>
      </trkpt>
      <trkpt lat="1.3350635279819034" lon="103.78114329830203">
        <ele>20.0</ele>
      </trkpt>
      <trkpt lat="1.3351538042515512" lon="103.7811379531937">
        <ele>20.0</ele>
      </trkpt>
      <trkpt lat="1.3352440805211052" lon="103.78113260808487">
        <ele>20.0</ele>
      </trkpt>
      <trkpt lat="1.3353343567905658" lon="103.78112726297552">
        <ele>20.0</ele>
      </trkpt>
      <trkpt lat="1.3354246681520223" lon="103.78112275963609">
        <ele>20.0</ele>
      </trkpt>
      <trkpt lat="1.3355150800769024" lon="103.78112066856035">
        <ele>20.0</ele>
      </trkpt>
      <trkpt lat="1.3356054920017082" lon="103.78111857748432">
        <ele>20.0</ele>
      </trkpt>
      <trkpt lat="1.335695903926439" lon="103.78111648640802">
        <ele>20.0</ele>
      </trkpt>
      <trkpt lat="1.3357863158510956" lon="103.78111439533143">
        <ele>20.0</ele>
      </trkpt>
      <trkpt lat="1.3358767277756778" lon="103.78111230425456">
        <ele>20.0</ele>
      </trkpt>
      <trkpt lat="1.335967139700185" lon="103.78111021317741">
        <ele>20.0</ele>
      </trkpt>
      <trkpt lat="1.3360575516246176" lon="103.78110812209997">
        <ele>20.0</ele>
      </trkpt>
      <trkpt lat="1.3361479100010611" lon="103.78110446762577">
        <ele>20.0</ele>
      </trkpt>
      <trkpt lat="1.3362382558299897" lon="103.78110044681362">
        <ele>19.999999999999996</ele>
      </trkpt>
      <trkpt lat="1.3363286016588332" lon="103.78109642600108">
        <ele>20.0</ele>
      </trkpt>
      <trkpt lat="1.3364189474875914" lon="103.7810924051881">
        <ele>20.0</ele>
      </trkpt>
      <trkpt lat="1.3365092933162643" lon="103.78108838437468">
        <ele>20.0</ele>
      </trkpt>
      <trkpt lat="1.3365996391448534" lon="103.78108436356086">
        <ele>20.0</ele>
      </trkpt>
      <trkpt lat="1.3366899849733567" lon="103.78108034274662">
        <ele>20.0</ele>
      </trkpt>
      <trkpt lat="1.336780330801775" lon="103.78107632193193">
        <ele>20.0</ele>
      </trkpt>
      <trkpt lat="1.3368706600699782" lon="103.7810719510109">
        <ele>20.0</ele>
      </trkpt>
      <trkpt lat="1.3369609872202428" lon="103.78106753531488">
        <ele>20.0</ele>
      </trkpt>
      <trkpt lat="1.3370513143704204" lon="103.7810631196184">
        <ele>20.0</ele>
      </trkpt>
      <trkpt lat="1.3371416415205104" lon="103.78105870392147">
        <ele>20.0</ele>
      </trkpt>
      <trkpt lat="1.3372319686705125" lon="103.7810542882241">
        <ele>20.0</ele>
      </trkpt>
      <trkpt lat="1.3373221770523611" lon="103.78104812686212">
        <ele>20.0</ele>
      </trkpt>
      <trkpt lat="1.3374122805492556" lon="103.78104042389222">
        <ele>20.0</ele>
      </trkpt>
      <trkpt lat="1.3375023840460378" lon="103.78103272092166">
        <ele>20.0</ele>
      </trkpt>
      <trkpt lat="1.3375924875427065" lon="103.7810250179504">
        <ele>20.0</ele>
      </trkpt>
      <trkpt lat="1.3376824307320527" lon="103.78101580512703">
        <ele>20.0</ele>
      </trkpt>
      <trkpt lat="1.3377721685465567" lon="103.78100465798376">
        <ele>20.0</ele>
      </trkpt>
      <trkpt lat="1.337861519104923" lon="103.78099120525044">
        <ele>20.0</ele>
      </trkpt>
      <trkpt lat="1.3379500369872606" lon="103.78097279505009">
        <ele>20.0</ele>
      </trkpt>
      <trkpt lat="1.338038003069232" lon="103.780952137239">
        <ele>20.0</ele>
      </trkpt>
      <trkpt lat="1.3381251105867176" lon="103.78092798229606">
        <ele>20.0</ele>
      </trkpt>
      <trkpt lat="1.338211518722042" lon="103.78090159773276">
        <ele>20.0</ele>
      </trkpt>
      <trkpt lat="1.3382970142700774" lon="103.78087230385441">
        <ele>20.0</ele>
      </trkpt>
      <trkpt lat="1.3383825098176203" lon="103.78084300997394">
        <ele>20.0</ele>
      </trkpt>
      <trkpt lat="1.3384667854672734" lon="103.78081047592339">
        <ele>20.0</ele>
      </trkpt>
      <trkpt lat="1.3385506411561652" lon="103.78077682641482">
        <ele>20.0</ele>
      </trkpt>
      <trkpt lat="1.3386335563710952" lon="103.78074112763356">
        <ele>20.0</ele>
      </trkpt>
      <trkpt lat="1.3387141127611344" lon="103.78070028902492">
        <ele>20.0</ele>
      </trkpt>
      <trkpt lat="1.3387946691503296" lon="103.78065945041354">
        <ele>20.0</ele>
      </trkpt>
      <trkpt lat="1.3388716938748786" lon="103.78061244111164">
        <ele>20.0</ele>
      </trkpt>
      <trkpt lat="1.3389482056266087" lon="103.78056453551864">
        <ele>20.0</ele>
      </trkpt>
      <trkpt lat="1.339024717377231" lon="103.78051662992257">
        <ele>20.0</ele>
      </trkpt>
      <trkpt lat="1.3391008821971389" lon="103.7804682205216">
        <ele>20.0</ele>
      </trkpt>
      <trkpt lat="1.3391735403703324" lon="103.78041471886081">
        <ele>20.0</ele>
      </trkpt>
      <trkpt lat="1.3392461985421815" lon="103.78036121719683">
        <ele>20.0</ele>
      </trkpt>
      <trkpt lat="1.3393188567126852" lon="103.78030771552967">
        <ele>20.0</ele>
      </trkpt>
      <trkpt lat="1.339391514881845" lon="103.78025421385931">
        <ele>20.0</ele>
      </trkpt>
      <trkpt lat="1.3394641730496593" lon="103.78020071218576">
        <ele>20.0</ele>
      </trkpt>
      <trkpt lat="1.3395368312161287" lon="103.78014721050903">
        <ele>20.0</ele>
      </trkpt>
      <trkpt lat="1.3396075408384094" lon="103.78009119278548">
        <ele>20.0</ele>
      </trkpt>
      <trkpt lat="1.3396782064422679" lon="103.78003511822207">
        <ele>20.0</ele>
      </trkpt>
      <trkpt lat="1.3397488720446642" lon="103.77997904365543">
        <ele>20.0</ele>
      </trkpt>
      <trkpt lat="1.3398195376455984" lon="103.77992296908553">
        <ele>20.0</ele>
      </trkpt>
      <trkpt lat="1.3398902032450706" lon="103.7798668945124">
        <ele>20.0</ele>
      </trkpt>
      <trkpt lat="1.3399608688430806" lon="103.77981081993602">
        <ele>20.0</ele>
      </trkpt>
      <trkpt lat="1.340031534439628" lon="103.7797547453564">
        <ele>20.0</ele>
      </trkpt>
      <trkpt lat="1.3401022000347123" lon="103.77969867077353">
        <ele>20.0</ele>
      </trkpt>
      <trkpt lat="1.3401732274165232" lon="103.77964304960588">
        <ele>20.0</ele>
      </trkpt>
      <trkpt lat="1.3402442959339878" lon="103.77958747999091">
        <ele>20.0</ele>
      </trkpt>
      <trkpt lat="1.3403153644500123" lon="103.77953191037268">
        <ele>20.0</ele>
      </trkpt>
      <trkpt lat="1.3403864329645958" lon="103.77947634075124">
        <ele>20.0</ele>
      </trkpt>
      <trkpt lat="1.340457501477739" lon="103.77942077112655">
        <ele>20.0</ele>
      </trkpt>
      <trkpt lat="1.3405285699894411" lon="103.77936520149862">
        <ele>20.0</ele>
      </trkpt>
      <trkpt lat="1.3405996384997025" lon="103.77930963186748">
        <ele>20.0</ele>
      </trkpt>
      <trkpt lat="1.3406707070085226" lon="103.77925406223308">
        <ele>20.0</ele>
      </trkpt>
      <trkpt lat="1.3407417755159008" lon="103.77919849259544">
        <ele>20.0</ele>
      </trkpt>
      <trkpt lat="1.3408128440218379" lon="103.77914292295459">
        <ele>20.0</ele>
      </trkpt>
      <trkpt lat="1.3408839125263325" lon="103.77908735331049">
        <ele>20.0</ele>
      </trkpt>
      <trkpt lat="1.3409549810293855" lon="103.77903178366314">
        <ele>20.0</ele>
      </trkpt>
      <trkpt lat="1.341026049530996" lon="103.77897621401257">
        <ele>20.0</ele>
      </trkpt>
      <trkpt lat="1.341097118031164" lon="103.77892064435876">
        <ele>20.0</ele>
      </trkpt>
      <trkpt lat="1.3411681865298895" lon="103.77886507470171">
        <ele>20.0</ele>
      </trkpt>
      <trkpt lat="1.3412392550271717" lon="103.77880950504142">
        <ele>20.0</ele>
      </trkpt>
      <trkpt lat="1.3413103235230115" lon="103.7787539353779">
        <ele>20.0</ele>
      </trkpt>
      <trkpt lat="1.3413813920174071" lon="103.77869836571114">
        <ele>20.0</ele>
      </trkpt>
      <trkpt lat="1.34145246051036" lon="103.77864279604113">
        <ele>20.0</ele>
      </trkpt>
      <trkpt lat="1.341523714900527" lon="103.77858746422656">
        <ele>20.0</ele>
      </trkpt>
      <trkpt lat="1.3415955017965966" lon="103.7785328137557">
        <ele>20.0</ele>
      </trkpt>
      <trkpt lat="1.3416672886912637" lon="103.77847816328163">
        <ele>20.0</ele>
      </trkpt>
      <trkpt lat="1.3417390755845282" lon="103.77842351280434">
        <ele>20.0</ele>
      </trkpt>
      <trkpt lat="1.34181086247639" lon="103.77836886232382">
        <ele>20.0</ele>
      </trkpt>
      <trkpt lat="1.3418826493668492" lon="103.77831421184008">
        <ele>20.0</ele>
      </trkpt>
      <trkpt lat="1.3419544362559048" lon="103.77825956135312">
        <ele>20.0</ele>
      </trkpt>
      <trkpt lat="1.342026223143557" lon="103.77820491086294">
        <ele>20.0</ele>
      </trkpt>
      <trkpt lat="1.3420980100298057" lon="103.77815026036954">
        <ele>20.0</ele>
      </trkpt>
      <trkpt lat="1.3421697969146502" lon="103.77809560987292">
        <ele>20.0</ele>
      </trkpt>
      <trkpt lat="1.342241583798091" lon="103.77804095937307">
        <ele>20.0</ele>
      </trkpt>
      <trkpt lat="1.3423130800301217" lon="103.77798593950482">
        <ele>20.0</ele>
      </trkpt>
      <trkpt lat="1.3423837777054823" lon="103.7779299048097">
        <ele>20.0</ele>
      </trkpt>
      <trkpt lat="1.342454475379375" lon="103.7778738701113">
        <ele>20.403902093279047</ele>
      </trkpt>
      <trkpt lat="1.3425251730518" lon="103.77781783540969">
        <ele>21.29761026460322</ele>
      </trkpt>
      <trkpt lat="1.342595870722757" lon="103.77776180070481">
        <ele>22.681124513972907</ele>
      </trkpt>
      <trkpt lat="1.3426665683922454" lon="103.7777057659967">
        <ele>24.14344799683842</ele>
      </trkpt>
      <trkpt lat="1.3427372660602652" lon="103.77764973128534">
        <ele>25.2645688092985</ele>
      </trkpt>
      <trkpt lat="1.3428079637268167" lon="103.7775936965707">
        <ele>26.024594494021372</ele>
      </trkpt>
      <trkpt lat="1.342878661391899" lon="103.77753766185283">
        <ele>26.40766496343015</ele>
      </trkpt>
      <trkpt lat="1.3429493590555122" lon="103.7774816271317">
        <ele>26.74788813665997</ele>
      </trkpt>
      <trkpt lat="1.3430200567176556" lon="103.77742559240733">
        <ele>27.065156471042396</ele>
      </trkpt>
      <trkpt lat="1.3430907543783301" lon="103.7773695576797">
        <ele>27.382424805424822</ele>
      </trkpt>
      <trkpt lat="1.343161452037535" lon="103.77731352294883">
        <ele>27.69969313980725</ele>
      </trkpt>
      <trkpt lat="1.3432321496952695" lon="103.7772574882147">
        <ele>28.017003470141187</ele>
      </trkpt>
      <trkpt lat="1.3433028565184573" lon="103.77720146492925">
        <ele>28.335066055200787</ele>
      </trkpt>
      <trkpt lat="1.3433737183762628" lon="103.77714563532194">
        <ele>28.58667549477992</ele>
      </trkpt>
      <trkpt lat="1.3433998673188023" lon="103.77712503347325">
        <ele>28.712835343956506</ele>
      </trkpt>
      <trkpt lat="1.3434707474490253" lon="103.77706922676724">
        <ele>28.738262453420138</ele>
      </trkpt>
      <trkpt lat="1.343541627577788" lon="103.77701342005797">
        <ele>28.608519854816137</ele>
      </trkpt>
      <trkpt lat="1.3436125077050907" lon="103.77695761334546">
        <ele>28.3825619971149</ele>
      </trkpt>
      <trkpt lat="1.3436833878309322" lon="103.7769018066297">
        <ele>28.205219229844563</ele>
      </trkpt>
      <trkpt lat="1.3437542679553123" lon="103.77684599991068">
        <ele>28.17871062217778</ele>
      </trkpt>
      <trkpt lat="1.3438251480782315" lon="103.77679019318842">
        <ele>28.303036174114464</ele>
      </trkpt>
      <trkpt lat="1.34389602819969" lon="103.7767343864629">
        <ele>28.45415112097434</ele>
      </trkpt>
      <trkpt lat="1.343966908319686" lon="103.77667857973414">
        <ele>28.52695737110716</ele>
      </trkpt>
      <trkpt lat="1.3440377884382204" lon="103.77662277300213">
        <ele>28.521454924512884</ele>
      </trkpt>
      <trkpt lat="1.3441086685552928" lon="103.77656696626688">
        <ele>28.513073455440793</ele>
      </trkpt>
      <trkpt lat="1.3441795486709034" lon="103.77651115952837">
        <ele>28.279295204588138</ele>
      </trkpt>
      <trkpt lat="1.3442504887414486" lon="103.77645542862764">
        <ele>27.762764985212318</ele>
      </trkpt>
      <trkpt lat="1.3443218470921847" lon="103.77640022682336">
        <ele>26.96348279731337</ele>
      </trkpt>
      <trkpt lat="1.3443932054414858" lon="103.77634502501581">
        <ele>26.106845422671913</ele>
      </trkpt>
      <trkpt lat="1.3444645637893515" lon="103.77628982320506">
        <ele>25.250208048030487</ele>
      </trkpt>
      <trkpt lat="1.3445359221357813" lon="103.77623462139105">
        <ele>24.35662920322551</ele>
      </trkpt>
      <trkpt lat="1.3446072804807756" lon="103.77617941957381">
        <ele>23.40084112967539</ele>
      </trkpt>
      <trkpt lat="1.344678638824334" lon="103.77612421775333">
        <ele>22.382843827380356</ele>
      </trkpt>
      <trkpt lat="1.3447499971664565" lon="103.77606901592961">
        <ele>21.33957876650395</ele>
      </trkpt>
      <trkpt lat="1.344821355507142" lon="103.77601381410263">
        <ele>20.545297490710528</ele>
      </trkpt>
      <trkpt lat="1.3448927138463913" lon="103.77595861227242">
        <ele>20.09877123520921</ele>
      </trkpt>
      <trkpt lat="1.3449640721842042" lon="103.77590341043897">
        <ele>20.0</ele>
      </trkpt>
      <trkpt lat="1.3450354305205798" lon="103.77584820860228">
        <ele>20.0</ele>
      </trkpt>
      <trkpt lat="1.3451067888555182" lon="103.77579300676234">
        <ele>20.0</ele>
      </trkpt>
      <trkpt lat="1.345178147150596" lon="103.77573780487013">
        <ele>20.0</ele>
      </trkpt>
      <trkpt lat="1.3452495054308016" lon="103.77568260295754">
        <ele>20.0</ele>
      </trkpt>
      <trkpt lat="1.34532086370957" lon="103.7756274010417">
        <ele>20.0</ele>
      </trkpt>
      <trkpt lat="1.3453922219869008" lon="103.77557219912262">
        <ele>20.0</ele>
      </trkpt>
      <trkpt lat="1.3454635802627926" lon="103.7755169972003">
        <ele>20.0</ele>
      </trkpt>
      <trkpt lat="1.345534938537246" lon="103.77546179527474">
        <ele>20.0</ele>
      </trkpt>
      <trkpt lat="1.3456062968102613" lon="103.77540659334592">
        <ele>20.0</ele>
      </trkpt>
      <trkpt lat="1.345677655081838" lon="103.77535139141388">
        <ele>20.0</ele>
      </trkpt>
      <trkpt lat="1.3457490133519752" lon="103.77529618947858">
        <ele>20.04563399760103</ele>
      </trkpt>
      <trkpt lat="1.3458203716206734" lon="103.77524098754004">
        <ele>20.33249173476987</ele>
      </trkpt>
      <trkpt lat="1.3458917298879325" lon="103.77518578559825">
        <ele>20.860573211506342</ele>
      </trkpt>
      <trkpt lat="1.3459630881537512" lon="103.77513058365322">
        <ele>21.544673561374264</ele>
      </trkpt>
      <trkpt lat="1.3460344464181309" lon="103.77507538170495">
        <ele>22.081315863836213</ele>
      </trkpt>
      <trkpt lat="1.3461057461535701" lon="103.77502010574372">
        <ele>22.53211741050585</ele>
      </trkpt>
      <trkpt lat="1.346176608725188" lon="103.77496427697473">
        <ele>22.936649070218326</ele>
      </trkpt>
      <trkpt lat="1.3462474712953367" lon="103.7749084482025">
        <ele>23.402798021544125</ele>
      </trkpt>
      <trkpt lat="1.3463183338640161" lon="103.774852619427">
        <ele>23.868946972869924</ele>
      </trkpt>
      <trkpt lat="1.346389196431226" lon="103.77479679064824">
        <ele>24.335095924195723</ele>
      </trkpt>
      <trkpt lat="1.346460058996966" lon="103.77474096186623">
        <ele>24.80124487552167</ele>
      </trkpt>
      <trkpt lat="1.346530921561236" lon="103.77468513308096">
        <ele>25.26739382684762</ele>
      </trkpt>
      <trkpt lat="1.346601784124036" lon="103.77462930429243">
        <ele>25.73354277817357</ele>
      </trkpt>
      <trkpt lat="1.346672646685366" lon="103.77457347550066">
        <ele>26.19969172949952</ele>
      </trkpt>
      <trkpt lat="1.346743509245225" lon="103.77451764670562">
        <ele>26.665840680825465</ele>
      </trkpt>
      <trkpt lat="1.346814371803613" lon="103.77446181790732">
        <ele>27.13198963215126</ele>
      </trkpt>
      <trkpt lat="1.34688523436053" lon="103.77440598910576">
        <ele>27.598138583477056</ele>
      </trkpt>
      <trkpt lat="1.3469560969159762" lon="103.77435016030095">
        <ele>28.064287534802858</ele>
      </trkpt>
      <trkpt lat="1.3470269594699507" lon="103.77429433149288">
        <ele>28.530436486128806</ele>
      </trkpt>
      <trkpt lat="1.3470978220224537" lon="103.77423850268156">
        <ele>28.99148675041108</ele>
      </trkpt>
      <trkpt lat="1.3471686845734847" lon="103.77418267386695">
        <ele>29.401090723102147</ele>
      </trkpt>
      <trkpt lat="1.3472395471230438" lon="103.77412684504911">
        <ele>29.759248404202026</ele>
      </trkpt>
      <trkpt lat="1.3473104096711308" lon="103.77407101622799">
        <ele>30.071058480754377</ele>
      </trkpt>
      <trkpt lat="1.3473812722177452" lon="103.77401518740362">
        <ele>30.382868557306622</ele>
      </trkpt>
      <trkpt lat="1.3474521347628872" lon="103.773959358576">
        <ele>30.713839378712592</ele>
      </trkpt>
      <trkpt lat="1.347522997306556" lon="103.7739035297451">
        <ele>31.081947662454425</ele>
      </trkpt>
      <trkpt lat="1.3475938598487516" lon="103.77384770091095">
        <ele>31.45339463018327</ele>
      </trkpt>
      <trkpt lat="1.3476647223894744" lon="103.77379187207355">
        <ele>31.764900806305224</ele>
      </trkpt>
      <trkpt lat="1.3477355849287234" lon="103.77373604323287">
        <ele>31.9984894733381</ele>
      </trkpt>
      <trkpt lat="1.3478064474664992" lon="103.77368021438895">
        <ele>32.187959409630885</ele>
      </trkpt>
      <trkpt lat="1.3478773100028008" lon="103.77362438554175">
        <ele>32.37742934592362</ele>
      </trkpt>
      <trkpt lat="1.3479481725376286" lon="103.7735685566913">
        <ele>32.56689928221629</ele>
      </trkpt>
      <trkpt lat="1.348019035070982" lon="103.77351272783758">
        <ele>32.75636921850895</ele>
      </trkpt>
      <trkpt lat="1.3480898976028601" lon="103.77345689898061">
        <ele>32.94583915480161</ele>
      </trkpt>
      <trkpt lat="1.3481607601332646" lon="103.77340107012036">
        <ele>33.13530909109435</ele>
      </trkpt>
      <trkpt lat="1.3482316226621938" lon="103.77334524125686">
        <ele>33.32477902738713</ele>
      </trkpt>
      <trkpt lat="1.348302485189648" lon="103.77328941239011">
        <ele>33.51424896367991</ele>
      </trkpt>
      <trkpt lat="1.3483733477156268" lon="103.77323358352008">
        <ele>33.703718899972685</ele>
      </trkpt>
      <trkpt lat="1.3484442102401297" lon="103.77317775464678">
        <ele>33.8931888362653</ele>
      </trkpt>
      <trkpt lat="1.3485150727631574" lon="103.77312192577024">
        <ele>34.08265877255797</ele>
      </trkpt>
      <trkpt lat="1.348585935284709" lon="103.77306609689043">
        <ele>34.27212870885063</ele>
      </trkpt>
      <trkpt lat="1.3486567978047845" lon="103.77301026800734">
        <ele>34.46159864514341</ele>
      </trkpt>
      <trkpt lat="1.3487276603233835" lon="103.77295443912101">
        <ele>34.65106858143615</ele>
      </trkpt>
      <trkpt lat="1.3487985228405062" lon="103.77289861023141">
        <ele>34.83999805748781</ele>
      </trkpt>
      <trkpt lat="1.3488692089726997" lon="103.77284256186395">
        <ele>35.02774777889548</ele>
      </trkpt>
      <trkpt lat="1.3489396864646415" lon="103.77278625388324">
        <ele>35.214317745659145</ele>
      </trkpt>
      <trkpt lat="1.349010163955084" lon="103.77272994589926">
        <ele>35.40024841801988</ele>
      </trkpt>
      <trkpt lat="1.3490806414440266" lon="103.772673637912">
        <ele>35.586179090380604</ele>
      </trkpt>
      <trkpt lat="1.34915111893147" lon="103.77261732992149">
        <ele>35.78101632403631</ele>
      </trkpt>
      <trkpt lat="1.3492215964174128" lon="103.77256102192769">
        <ele>36.08403285282042</ele>
      </trkpt>
      <trkpt lat="1.3492920739018555" lon="103.77250471393062">
        <ele>36.49522867673292</ele>
      </trkpt>
      <trkpt lat="1.3493625513847978" lon="103.77244840593028">
        <ele>37.005697234478845</ele>
      </trkpt>
      <trkpt lat="1.3494330288662395" lon="103.77239209792666">
        <ele>37.51616579222476</ele>
      </trkpt>
      <trkpt lat="1.3495035063461804" lon="103.77233578991978">
        <ele>38.02663434997068</ele>
      </trkpt>
      <trkpt lat="1.3495739838246203" lon="103.77227948190962">
        <ele>38.537102907716594</ele>
      </trkpt>
      <trkpt lat="1.349644461301559" lon="103.77222317389618">
        <ele>39.04757146546251</ele>
      </trkpt>
      <trkpt lat="1.3497149387769962" lon="103.77216686587946">
        <ele>39.535203829556984</ele>
      </trkpt>
      <trkpt lat="1.3497854162509315" lon="103.77211055785948">
        <ele>39.85268000773615</ele>
      </trkpt>
      <trkpt lat="1.349855893723365" lon="103.7720542498362">
        <ele>40.0</ele>
      </trkpt>
      <trkpt lat="1.3499263711942966" lon="103.77199794180967">
        <ele>40.0</ele>
      </trkpt>
      <trkpt lat="1.349996848663726" lon="103.77194163377987">
        <ele>40.0</ele>
      </trkpt>
      <trkpt lat="1.3500697791667562" lon="103.77188868929018">
        <ele>40.0</ele>
      </trkpt>
      <trkpt lat="1.350145580097042" lon="103.77183968066066">
        <ele>40.0</ele>
      </trkpt>
      <trkpt lat="1.3502213810261467" lon="103.77179067202806">
        <ele>40.0</ele>
      </trkpt>
      <trkpt lat="1.3502971819540692" lon="103.77174166339236">
        <ele>40.0</ele>
      </trkpt>
      <trkpt lat="1.35037298288081" lon="103.77169265475356">
        <ele>40.0</ele>
      </trkpt>
      <trkpt lat="1.3504479560934048" lon="103.77164245860045">
        <ele>40.0</ele>
      </trkpt>
      <trkpt lat="1.3505207891632585" lon="103.77158919200541">
        <ele>40.0</ele>
      </trkpt>
      <trkpt lat="1.350593622231747" lon="103.77153592540716">
        <ele>40.0</ele>
      </trkpt>
      <trkpt lat="1.3506664552988696" lon="103.7714826588057">
        <ele>40.0</ele>
      </trkpt>
      <trkpt lat="1.3507392883646265" lon="103.77142939220103">
        <ele>40.0</ele>
      </trkpt>
      <trkpt lat="1.350814554231388" lon="103.77137965683809">
        <ele>40.0</ele>
      </trkpt>
      <trkpt lat="1.3508908878347157" lon="103.7713314713076">
        <ele>40.0</ele>
      </trkpt>
      <trkpt lat="1.350967221436893" lon="103.77128328577405">
        <ele>40.0</ele>
      </trkpt>
      <trkpt lat="1.3510435550379216" lon="103.77123510023742">
        <ele>40.0</ele>
      </trkpt>
      <trkpt lat="1.3511198886378002" lon="103.77118691469772">
        <ele>40.0</ele>
      </trkpt>
      <trkpt lat="1.3511962222365288" lon="103.77113872915494">
        <ele>40.0</ele>
      </trkpt>
      <trkpt lat="1.351272577509926" lon="103.77109058105688">
        <ele>40.0</ele>
      </trkpt>
      <trkpt lat="1.3513528836583018" lon="103.77104925860787">
        <ele>40.0</ele>
      </trkpt>
      <trkpt lat="1.351433189805791" lon="103.77100793615605">
        <ele>40.0</ele>
      </trkpt>
      <trkpt lat="1.351513495952392" lon="103.77096661370143">
        <ele>40.0</ele>
      </trkpt>
      <trkpt lat="1.351593802098106" lon="103.770925291244">
        <ele>40.0</ele>
      </trkpt>
      <trkpt lat="1.3516741082429318" lon="103.77088396878378">
        <ele>40.0</ele>
      </trkpt>
      <trkpt lat="1.3517544143868696" lon="103.77084264632073">
        <ele>40.0</ele>
      </trkpt>
      <trkpt lat="1.3518347205299197" lon="103.77080132385491">
        <ele>40.0</ele>
      </trkpt>
      <trkpt lat="1.351917962278946" lon="103.77076626664672">
        <ele>40.0</ele>
      </trkpt>
      <trkpt lat="1.3520014846434296" lon="103.77073180833543">
        <ele>40.0</ele>
      </trkpt>
      <trkpt lat="1.3520850070072528" lon="103.77069735002168">
        <ele>40.0</ele>
      </trkpt>
      <trkpt lat="1.352168529370415" lon="103.77066289170546">
        <ele>40.0</ele>
      </trkpt>
      <trkpt lat="1.3522520517329177" lon="103.77062843338678">
        <ele>40.0</ele>
      </trkpt>
      <trkpt lat="1.3523355740947596" lon="103.77059397506562">
        <ele>40.0</ele>
      </trkpt>
      <trkpt lat="1.3524190964559408" lon="103.77055951674201">
        <ele>40.0</ele>
      </trkpt>
      <trkpt lat="1.3525026188164615" lon="103.77052505841594">
        <ele>40.0</ele>
      </trkpt>
      <trkpt lat="1.3525861411763207" lon="103.77049060008738">
        <ele>40.0</ele>
      </trkpt>
      <trkpt lat="1.3526699269950715" lon="103.77045679900279">
        <ele>39.99999999999999</ele>
      </trkpt>
      <trkpt lat="1.3527544223607488" lon="103.77042476800754">
        <ele>40.0</ele>
      </trkpt>
      <trkpt lat="1.352838917725838" lon="103.77039273700997">
        <ele>40.0</ele>
      </trkpt>
      <trkpt lat="1.3529234130903376" lon="103.77036070601005">
        <ele>40.0</ele>
      </trkpt>
      <trkpt lat="1.3530079084542481" lon="103.77032867500782">
        <ele>40.0</ele>
      </trkpt>
      <trkpt lat="1.35309240381757" lon="103.77029664400325">
        <ele>40.0</ele>
      </trkpt>
      <trkpt lat="1.3531768991803022" lon="103.77026461299634">
        <ele>40.0</ele>
      </trkpt>
      <trkpt lat="1.3532613945424452" lon="103.7702325819871">
        <ele>40.0</ele>
      </trkpt>
      <trkpt lat="1.353345889903999" lon="103.77020055097553">
        <ele>40.0</ele>
      </trkpt>
      <trkpt lat="1.3534303852649632" lon="103.77016851996162">
        <ele>40.0</ele>
      </trkpt>
      <trkpt lat="1.3535148806253374" lon="103.77013648894538">
        <ele>40.0</ele>
      </trkpt>
      <trkpt lat="1.3535993759851221" lon="103.7701044579268">
        <ele>40.0</ele>
      </trkpt>
      <trkpt lat="1.3536838184394653" lon="103.7700722939446">
        <ele>40.0</ele>
      </trkpt>
      <trkpt lat="1.3537675157744562" lon="103.77003825731597">
        <ele>40.0</ele>
      </trkpt>
      <trkpt lat="1.3538512131087967" lon="103.77000422068491">
        <ele>40.0</ele>
      </trkpt>
      <trkpt lat="1.3539349104424887" lon="103.7699701840514">
        <ele>40.00000000000001</ele>
      </trkpt>
      <trkpt lat="1.3540186077755314" lon="103.76993614741544">
        <ele>40.0</ele>
      </trkpt>
      <trkpt lat="1.354102305107924" lon="103.76990211077702">
        <ele>40.0</ele>
      </trkpt>
      <trkpt lat="1.3541860024396668" lon="103.76986807413617">
        <ele>40.0</ele>
      </trkpt>
      <trkpt lat="1.3542696997707602" lon="103.76983403749287">
        <ele>40.0</ele>
      </trkpt>
      <trkpt lat="1.3543533971012036" lon="103.76980000084711">
        <ele>40.0</ele>
      </trkpt>
      <trkpt lat="1.354437094430997" lon="103.76976596419892">
        <ele>40.0</ele>
      </trkpt>
      <trkpt lat="1.3545207917601405" lon="103.76973192754828">
        <ele>40.0</ele>
      </trkpt>
      <trkpt lat="1.3546044890886333" lon="103.76969789089519">
        <ele>40.0</ele>
      </trkpt>
      <trkpt lat="1.3546881864164764" lon="103.76966385423965">
        <ele>40.0</ele>
      </trkpt>
      <trkpt lat="1.354771883743669" lon="103.76962981758166">
        <ele>40.0</ele>
      </trkpt>
      <trkpt lat="1.354854587604412" lon="103.76959352486317">
        <ele>40.0</ele>
      </trkpt>
      <trkpt lat="1.3549365488020872" lon="103.76955554563274">
        <ele>40.0</ele>
      </trkpt>
      <trkpt lat="1.3550185099989855" lon="103.76951756639966">
        <ele>40.0</ele>
      </trkpt>
      <trkpt lat="1.3551004711951073" lon="103.76947958716394">
        <ele>40.0</ele>
      </trkpt>
      <trkpt lat="1.3551824323904529" lon="103.76944160792556">
        <ele>40.0</ele>
      </trkpt>
      <trkpt lat="1.355264393585021" lon="103.76940362868451">
        <ele>40.0</ele>
      </trkpt>
      <trkpt lat="1.3553463547788127" lon="103.76936564944083">
        <ele>40.0</ele>
      </trkpt>
      <trkpt lat="1.3554283159718272" lon="103.76932767019449">
        <ele>40.0</ele>
      </trkpt>
      <trkpt lat="1.3555102771640641" lon="103.76928969094547">
        <ele>40.0</ele>
      </trkpt>
      <trkpt lat="1.3555890468055058" lon="103.76924565737912">
        <ele>40.0</ele>
      </trkpt>
      <trkpt lat="1.355667140624737" lon="103.7692003417888">
        <ele>40.0</ele>
      </trkpt>
      <trkpt lat="1.3557452344429248" lon="103.7691550261955">
        <ele>40.0</ele>
      </trkpt>
      <trkpt lat="1.3558233282600693" lon="103.76910971059922">
        <ele>40.0</ele>
      </trkpt>
      <trkpt lat="1.3559014220761707" lon="103.76906439499997">
        <ele>40.0</ele>
      </trkpt>
      <trkpt lat="1.355979515891228" lon="103.76901907939774">
        <ele>40.0</ele>
      </trkpt>
      <trkpt lat="1.3560556943921034" lon="103.7689706881205">
        <ele>40.0</ele>
      </trkpt>
      <trkpt lat="1.3561313617769315" lon="103.76892147607533">
        <ele>40.0</ele>
      </trkpt>
      <trkpt lat="1.356207029160558" lon="103.76887226402704">
        <ele>40.0</ele>
      </trkpt>
      <trkpt lat="1.356282696542983" lon="103.76882305197564">
        <ele>40.0</ele>
      </trkpt>
      <trkpt lat="1.3563583639242067" lon="103.7687738399211">
        <ele>40.0</ele>
      </trkpt>
      <trkpt lat="1.356434031304228" lon="103.76872462786345">
        <ele>40.00000000000001</ele>
      </trkpt>
      <trkpt lat="1.3565094102337563" lon="103.76867503435123">
        <ele>40.0</ele>
      </trkpt>
      <trkpt lat="1.3565780447321023" lon="103.76861652185926">
        <ele>40.0</ele>
      </trkpt>
      <trkpt lat="1.3566466792288256" lon="103.76855800936397">
        <ele>40.0</ele>
      </trkpt>
      <trkpt lat="1.356715313723926" lon="103.76849949686535">
        <ele>40.0</ele>
      </trkpt>
      <trkpt lat="1.3567839482174044" lon="103.76844098436341">
        <ele>40.0</ele>
      </trkpt>
      <trkpt lat="1.3568525827092597" lon="103.76838247185816">
        <ele>40.0</ele>
      </trkpt>
      <trkpt lat="1.3569212171994918" lon="103.76832395934959">
        <ele>40.0</ele>
      </trkpt>
      <trkpt lat="1.3569878938133098" lon="103.76826711597192">
        <ele>40.0</ele>
      </trkpt>
      <trkpt lat="1.3570565289962007" lon="103.76820860427915">
        <ele>40.0</ele>
      </trkpt>
      <trkpt lat="1.3571259894594132" lon="103.7681510620381">
        <ele>40.0</ele>
      </trkpt>
      <trkpt lat="1.3571954499210486" lon="103.76809351979377">
        <ele>40.0</ele>
      </trkpt>
      <trkpt lat="1.3572649103811065" lon="103.7680359775461">
        <ele>40.0</ele>
      </trkpt>
      <trkpt lat="1.3573343708395869" lon="103.76797843529512">
        <ele>40.0</ele>
      </trkpt>
      <trkpt lat="1.3574038312964887" lon="103.76792089304082">
        <ele>40.0</ele>
      </trkpt>
      <trkpt lat="1.357473291751813" lon="103.76786335078323">
        <ele>40.0</ele>
      </trkpt>
      <trkpt lat="1.3575427522055588" lon="103.76780580852231">
        <ele>40.0</ele>
      </trkpt>
      <trkpt lat="1.357612212657726" lon="103.76774826625808">
        <ele>40.0</ele>
      </trkpt>
      <trkpt lat="1.3576815292269182" lon="103.76769055411135">
        <ele>40.0</ele>
      </trkpt>
      <trkpt lat="1.3577506613487587" lon="103.76763262441128">
        <ele>39.93587246333605</ele>
      </trkpt>
      <trkpt lat="1.3578201747509646" lon="103.76757514530155">
        <ele>39.65838867341663</ele>
      </trkpt>
      <trkpt lat="1.357889688151594" lon="103.76751766618851">
        <ele>39.16754863024173</ele>
      </trkpt>
      <trkpt lat="1.3579592015506474" lon="103.76746018707216">
        <ele>38.527479870475304</ele>
      </trkpt>
      <trkpt lat="1.3580287149481234" lon="103.7674027079525">
        <ele>37.88741111070901</ele>
      </trkpt>
      <trkpt lat="1.3580982283440224" lon="103.76734522882951">
        <ele>37.24734235094272</ele>
      </trkpt>
      <trkpt lat="1.358167741738344" lon="103.76728774970321">
        <ele>36.60727359117643</ele>
      </trkpt>
      <trkpt lat="1.3582372551310882" lon="103.7672302705736">
        <ele>35.966972663219856</ele>
      </trkpt>
      <trkpt lat="1.358307168285023" lon="103.76717328709283">
        <ele>35.32545635622319</ele>
      </trkpt>
      <trkpt lat="1.3583787743958653" lon="103.76711840264979">
        <ele>34.68241013797044</ele>
      </trkpt>
      <trkpt lat="1.3584511535225487" lon="103.76706458826945">
        <ele>34.036899664349825</ele>
      </trkpt>
      <trkpt lat="1.3585263995535604" lon="103.76701474246221">
        <ele>33.389908146211276</ele>
      </trkpt>
      <trkpt lat="1.3586016455833376" lon="103.76696489665181">
        <ele>32.741529675864605</ele>
      </trkpt>
      <trkpt lat="1.3586781134360688" lon="103.76691697198319">
        <ele>32.09272448427196</ele>
      </trkpt>
      <trkpt lat="1.3587557246356994" lon="103.76687084506383">
        <ele>31.44349257143347</ele>
      </trkpt>
      <trkpt lat="1.3588333358342488" lon="103.76682471814145">
        <ele>30.794285852918378</ele>
      </trkpt>
      <trkpt lat="1.3589122464833348" lon="103.76678102137201">
        <ele>30.145845313538732</ele>
      </trkpt>
      <trkpt lat="1.3589941588349665" lon="103.7667429382043">
        <ele>29.4981709532945</ele>
      </trkpt>
      <trkpt lat="1.3590760711858112" lon="103.76670485503392">
        <ele>28.8511330515453</ele>
      </trkpt>
      <trkpt lat="1.3591581634322991" lon="103.76666716618686">
        <ele>28.204605205907537</ele>
      </trkpt>
      <trkpt lat="1.3592409775284826" lon="103.76663105960537">
        <ele>27.55858741638122</ele>
      </trkpt>
      <trkpt lat="1.3593237916239436" lon="103.7665949530213">
        <ele>26.9136909789808</ele>
      </trkpt>
      <trkpt lat="1.3594074262973452" lon="103.76656085183085">
        <ele>26.27041379132302</ele>
      </trkpt>
      <trkpt lat="1.3594921038229957" lon="103.76652929924576">
        <ele>25.630113571780598</ele>
      </trkpt>
      <trkpt lat="1.3595776945551608" lon="103.76650044698309">
        <ele>25.047299534789943</ele>
      </trkpt>
      <trkpt lat="1.3596643667045698" lon="103.76647479243657">
        <ele>24.452069742869952</ele>
      </trkpt>
      <trkpt lat="1.3597510388535505" lon="103.76644913788807">
        <ele>23.74372859589217</ele>
      </trkpt>
      <trkpt lat="1.3598388697449593" lon="103.76642775940257">
        <ele>22.86799494752678</ele>
      </trkpt>
      <trkpt lat="1.3599267890591475" lon="103.76640670721986">
        <ele>21.8982415412211</ele>
      </trkpt>
      <trkpt lat="1.3600150446837806" lon="103.7663871147693">
        <ele>20.942556931760095</ele>
      </trkpt>
      <trkpt lat="1.360103425993261" lon="103.76636806784495">
        <ele>20.31126875291029</ele>
      </trkpt>
      <trkpt lat="1.360192441964149" lon="103.76635255758443">
        <ele>20.0</ele>
      </trkpt>
      <trkpt lat="1.360282002267815" lon="103.7663400806295">
        <ele>20.0</ele>
      </trkpt>
      <trkpt lat="1.3603715625713038" lon="103.76632760367352">
        <ele>20.0</ele>
      </trkpt>
      <trkpt lat="1.360461567766187" lon="103.76631915277044">
        <ele>20.0</ele>
      </trkpt>
      <trkpt lat="1.3605517191511978" lon="103.76631202481781">
        <ele>20.0</ele>
      </trkpt>
      <trkpt lat="1.3606419719010885" lon="103.76630658169972">
        <ele>20.0</ele>
      </trkpt>
      <trkpt lat="1.3607323359220633" lon="103.76630298807167">
        <ele>20.0</ele>
      </trkpt>
      <trkpt lat="1.3608227310563683" lon="103.76630222361781">
        <ele>20.0</ele>
      </trkpt>
      <trkpt lat="1.3609131498309386" lon="103.7663039694842">
        <ele>20.0</ele>
      </trkpt>
      <trkpt lat="1.361003549391318" lon="103.76630653307505">
        <ele>20.0</ele>
      </trkpt>
      <trkpt lat="1.3610938845996339" lon="103.76631035800895">
        <ele>20.0</ele>
      </trkpt>
      <trkpt lat="1.3611840816738054" lon="103.76631689046503">
        <ele>20.0</ele>
      </trkpt>
      <trkpt lat="1.3612742787479155" lon="103.76632342292143">
        <ele>20.0</ele>
      </trkpt>
      <trkpt lat="1.3613640600618835" lon="103.76633406274824">
        <ele>20.0</ele>
      </trkpt>
      <trkpt lat="1.361453759921035" lon="103.76634550728201">
        <ele>20.0</ele>
      </trkpt>
      <trkpt lat="1.3615434582404071" lon="103.76635696208984">
        <ele>20.0</ele>
      </trkpt>
      <trkpt lat="1.3616326222758868" lon="103.76637198181439">
        <ele>20.0</ele>
      </trkpt>
      <trkpt lat="1.3617217863112607" lon="103.76638700153991">
        <ele>19.999999999999996</ele>
      </trkpt>
      <trkpt lat="1.3618109503465294" lon="103.76640202126634">
        <ele>20.0</ele>
      </trkpt>
      <trkpt lat="1.3619001208603538" lon="103.76641700297392">
        <ele>20.0</ele>
      </trkpt>
      <trkpt lat="1.3619892915689296" lon="103.76643198353892">
        <ele>20.0</ele>
      </trkpt>
      <trkpt lat="1.362013031139474" lon="103.76643597175658">
        <ele>20.0</ele>
      </trkpt>
      <trkpt lat="1.3621022026010567" lon="103.76645094789637">
        <ele>20.0</ele>
      </trkpt>
      <trkpt lat="1.3621913740625344" lon="103.76646592403712">
        <ele>20.0</ele>
      </trkpt>
      <trkpt lat="1.3622805455239066" lon="103.76648090017882">
        <ele>20.0</ele>
      </trkpt>
      <trkpt lat="1.3623697169851743" lon="103.76649587632146">
        <ele>20.0</ele>
      </trkpt>
      <trkpt lat="1.3624588884463362" lon="103.76651085246503">
        <ele>20.0</ele>
      </trkpt>
      <trkpt lat="1.3625481780390898" lon="103.76652508670828">
        <ele>20.0</ele>
      </trkpt>
      <trkpt lat="1.3626376474291282" lon="103.76653819177274">
        <ele>20.0</ele>
      </trkpt>
      <trkpt lat="1.3627271168190762" lon="103.766551296838">
        <ele>20.0</ele>
      </trkpt>
      <trkpt lat="1.3628165862089334" lon="103.76656440190408">
        <ele>20.0</ele>
      </trkpt>
      <trkpt lat="1.3629060555987005" lon="103.76657750697095">
        <ele>20.0</ele>
      </trkpt>
      <trkpt lat="1.362995524988377" lon="103.76659061203864">
        <ele>20.0</ele>
      </trkpt>
      <trkpt lat="1.3630849943779633" lon="103.76660371710713">
        <ele>20.0</ele>
      </trkpt>
      <trkpt lat="1.3631744637674588" lon="103.76661682217643">
        <ele>20.0</ele>
      </trkpt>
      <trkpt lat="1.3632644579141087" lon="103.76662551433655">
        <ele>20.0</ele>
      </trkpt>
      <trkpt lat="1.363354537575542" lon="103.76663348736588">
        <ele>20.0</ele>
      </trkpt>
      <trkpt lat="1.3634446672915614" lon="103.76664078497454">
        <ele>20.0</ele>
      </trkpt>
      <trkpt lat="1.3635349507782408" lon="103.76664600765169">
        <ele>20.0</ele>
      </trkpt>
      <trkpt lat="1.3636252342648596" lon="103.76665123032909">
        <ele>20.0</ele>
      </trkpt>
      <trkpt lat="1.3637156052242774" lon="103.76665293189211">
        <ele>20.0</ele>
      </trkpt>
      <trkpt lat="1.3638060380952894" lon="103.76665214127554">
        <ele>20.0</ele>
      </trkpt>
      <trkpt lat="1.3638964709662298" lon="103.76665135065876">
        <ele>20.0</ele>
      </trkpt>
      <trkpt lat="1.3639868010934764" lon="103.7666475914612">
        <ele>20.0</ele>
      </trkpt>
      <trkpt lat="1.3640770749927058" lon="103.76664220766483">
        <ele>20.0</ele>
      </trkpt>
      <trkpt lat="1.3641673279469422" lon="103.76663657120638">
        <ele>20.0</ele>
      </trkpt>
      <trkpt lat="1.3642572718289259" lon="103.76662720636203">
        <ele>20.0</ele>
      </trkpt>
      <trkpt lat="1.3643472157107708" lon="103.76661784151682">
        <ele>20.0</ele>
      </trkpt>
      <trkpt lat="1.3644369949097075" lon="103.76660718156282">
        <ele>20.0</ele>
      </trkpt>
      <trkpt lat="1.3645264566583744" lon="103.76659402509803">
        <ele>20.0</ele>
      </trkpt>
      <trkpt lat="1.3646159184068538" lon="103.76658086863209">
        <ele>20.0</ele>
      </trkpt>
      <trkpt lat="1.364705380155146" lon="103.76656771216503">
        <ele>20.0</ele>
      </trkpt>
      <trkpt lat="1.3647945870981981" lon="103.7665531791448">
        <ele>20.0</ele>
      </trkpt>
      <trkpt lat="1.3648829059255885" lon="103.76653384819207">
        <ele>20.000000000000004</ele>
      </trkpt>
      <trkpt lat="1.3649710943815059" lon="103.76651399601656">
        <ele>20.0</ele>
      </trkpt>
      <trkpt lat="1.365058245845014" lon="103.76648999796706">
        <ele>20.0</ele>
      </trkpt>
      <trkpt lat="1.3651453973081318" lon="103.7664659999157">
        <ele>20.0</ele>
      </trkpt>
      <trkpt lat="1.3652316578998689" lon="103.76643903238515">
        <ele>20.0</ele>
      </trkpt>
      <trkpt lat="1.3653178096642056" lon="103.7664117021074">
        <ele>20.0</ele>
      </trkpt>
      <trkpt lat="1.3654039614280709" lon="103.76638437182757">
        <ele>20.0</ele>
      </trkpt>
      <trkpt lat="1.3654894653611918" lon="103.76635525849325">
        <ele>20.0</ele>
      </trkpt>
      <trkpt lat="1.365573321395288" lon="103.76632160957152">
        <ele>20.0</ele>
      </trkpt>
      <trkpt lat="1.3656572920177155" lon="103.76628824556124">
        <ele>20.0</ele>
      </trkpt>
      <trkpt lat="1.3657413935186375" lon="103.76625520696622">
        <ele>20.0</ele>
      </trkpt>
      <trkpt lat="1.365825346714355" lon="103.76622182039785">
        <ele>20.0</ele>
      </trkpt>
      <trkpt lat="1.3659077515655744" lon="103.76618480090703">
        <ele>20.0</ele>
      </trkpt>
      <trkpt lat="1.3659901564160375" lon="103.76614778141355">
        <ele>20.0</ele>
      </trkpt>
      <trkpt lat="1.3660719973729665" lon="103.76610960942384">
        <ele>20.0</ele>
      </trkpt>
      <trkpt lat="1.3661521982836156" lon="103.76606808547872">
        <ele>20.0</ele>
      </trkpt>
      <trkpt lat="1.3662323991933516" lon="103.76602656153075">
        <ele>20.0</ele>
      </trkpt>
      <trkpt lat="1.366312600102174" lon="103.76598503757994">
        <ele>20.0</ele>
      </trkpt>
      <trkpt lat="1.366390614071554" lon="103.76593962337637">
        <ele>20.0</ele>
      </trkpt>
      <trkpt lat="1.366468256334784" lon="103.76589354795976">
        <ele>20.0</ele>
      </trkpt>
      <trkpt lat="1.366545404705225" lon="103.76584669838019">
        <ele>20.0</ele>
      </trkpt>
      <trkpt lat="1.3666204753329352" lon="103.76579659200192">
        <ele>20.0</ele>
      </trkpt>
      <trkpt lat="1.3666955459593901" lon="103.7657464856205">
        <ele>20.0</ele>
      </trkpt>
      <trkpt lat="1.366770616584591" lon="103.76569637923588">
        <ele>20.0</ele>
      </trkpt>
      <trkpt lat="1.3668456872085366" lon="103.7656462728481">
        <ele>20.0</ele>
      </trkpt>
      <trkpt lat="1.366920757831227" lon="103.76559616645714">
        <ele>20.0</ele>
      </trkpt>
      <trkpt lat="1.366995828452662" lon="103.765546060063">
        <ele>20.0</ele>
      </trkpt>
      <trkpt lat="1.367070258969691" lon="103.76549503381827">
        <ele>20.0</ele>
      </trkpt>
      <trkpt lat="1.36714394883015" lon="103.7654429432265">
        <ele>20.0</ele>
      </trkpt>
      <trkpt lat="1.367217638689267" lon="103.76539085263153">
        <ele>20.0</ele>
      </trkpt>
      <trkpt lat="1.3672913285470414" lon="103.7653387620333">
        <ele>20.0</ele>
      </trkpt>
      <trkpt lat="1.3673653838614936" lon="103.76528718827916">
        <ele>20.0</ele>
      </trkpt>
      <trkpt lat="1.3674396899046355" lon="103.76523596911558">
        <ele>20.0</ele>
      </trkpt>
      <trkpt lat="1.3675139959464724" lon="103.76518474994879">
        <ele>20.0</ele>
      </trkpt>
      <trkpt lat="1.3675883019870043" lon="103.76513353077878">
        <ele>20.0</ele>
      </trkpt>
      <trkpt lat="1.367662608026231" lon="103.76508231160555">
        <ele>20.0</ele>
      </trkpt>
      <trkpt lat="1.3677369140641522" lon="103.76503109242914">
        <ele>20.0</ele>
      </trkpt>
      <trkpt lat="1.3678112201007686" lon="103.7649798732495">
        <ele>20.0</ele>
      </trkpt>
      <trkpt lat="1.3678855261360787" lon="103.76492865406665">
        <ele>20.0</ele>
      </trkpt>
      <trkpt lat="1.367959832170083" lon="103.76487743488059">
        <ele>20.0</ele>
      </trkpt>
      <trkpt lat="1.3680341382027814" lon="103.76482621569133">
        <ele>20.0</ele>
      </trkpt>
      <trkpt lat="1.3681084442341738" lon="103.76477499649886">
        <ele>20.0</ele>
      </trkpt>
      <trkpt lat="1.3681827502642594" lon="103.76472377730316">
        <ele>20.0</ele>
      </trkpt>
      <trkpt lat="1.368257056293039" lon="103.76467255810425">
        <ele>20.0</ele>
      </trkpt>
      <trkpt lat="1.3683313623205113" lon="103.76462133890215">
        <ele>20.0</ele>
      </trkpt>
      <trkpt lat="1.368405668346677" lon="103.76457011969683">
        <ele>20.0</ele>
      </trkpt>
      <trkpt lat="1.3684799743715355" lon="103.7645189004883">
        <ele>20.0</ele>
      </trkpt>
      <trkpt lat="1.3685534304536178" lon="103.76446648920493">
        <ele>20.0</ele>
      </trkpt>
      <trkpt lat="1.368626707331029" lon="103.76441382657964">
        <ele>20.0</ele>
      </trkpt>
      <trkpt lat="1.368699984207068" lon="103.76436116395111">
        <ele>20.0</ele>
      </trkpt>
      <trkpt lat="1.3687732610817354" lon="103.76430850131932">
        <ele>20.0</ele>
      </trkpt>
      <trkpt lat="1.368846537955031" lon="103.76425583868426">
        <ele>20.0</ele>
      </trkpt>
      <trkpt lat="1.3689198148269546" lon="103.76420317604598">
        <ele>20.0</ele>
      </trkpt>
      <trkpt lat="1.368993091697506" lon="103.76415051340443">
        <ele>20.0</ele>
      </trkpt>
      <trkpt lat="1.3690663685666846" lon="103.76409785075964">
        <ele>20.0</ele>
      </trkpt>
      <trkpt lat="1.3691396454344906" lon="103.7640451881116">
        <ele>20.0</ele>
      </trkpt>
      <trkpt lat="1.3692134298264076" lon="103.76399323382383">
        <ele>20.0</ele>
      </trkpt>
      <trkpt lat="1.369287498037156" lon="103.76394167566635">
        <ele>20.0</ele>
      </trkpt>
      <trkpt lat="1.3693615662465795" lon="103.76389011750562">
        <ele>20.0</ele>
      </trkpt>
      <trkpt lat="1.369435634454679" lon="103.76383855934169">
        <ele>20.0</ele>
      </trkpt>
      <trkpt lat="1.369509702661454" lon="103.76378700117452">
        <ele>20.0</ele>
      </trkpt>
      <trkpt lat="1.369584933735895" lon="103.76373724083302">
        <ele>20.0</ele>
      </trkpt>
      <trkpt lat="1.369662903271007" lon="103.76369171422913">
        <ele>20.0</ele>
      </trkpt>
      <trkpt lat="1.369740872805046" lon="103.76364618762219">
        <ele>20.0</ele>
      </trkpt>
      <trkpt lat="1.3698182723770282" lon="103.76359971735585">
        <ele>20.0</ele>
      </trkpt>
      <trkpt lat="1.3698953849664146" lon="103.7635527719453">
        <ele>20.0</ele>
      </trkpt>
      <trkpt lat="1.3699724975546708" lon="103.76350582653167">
        <ele>20.0</ele>
      </trkpt>
      <trkpt lat="1.3700496101417967" lon="103.76345888111497">
        <ele>20.0</ele>
      </trkpt>
      <trkpt lat="1.3701280691723037" lon="103.76341421607597">
        <ele>20.0</ele>
      </trkpt>
      <trkpt lat="1.3702069353221094" lon="103.76337024054578">
        <ele>20.0</ele>
      </trkpt>
      <trkpt lat="1.3702858014709018" lon="103.76332626501264">
        <ele>20.0</ele>
      </trkpt>
      <trkpt lat="1.370364728154635" lon="103.76328240153035">
        <ele>20.0</ele>
      </trkpt>
      <trkpt lat="1.37044519896544" lon="103.76324139627143">
        <ele>20.0</ele>
      </trkpt>
      <trkpt lat="1.3705256697753423" lon="103.76320039100968">
        <ele>20.0</ele>
      </trkpt>
      <trkpt lat="1.3706061405843417" lon="103.76315938574507">
        <ele>20.0</ele>
      </trkpt>
      <trkpt lat="1.3706895693091767" lon="103.76312473300939">
        <ele>20.0</ele>
      </trkpt>
      <trkpt lat="1.3707731194087047" lon="103.76309034094147">
        <ele>20.0</ele>
      </trkpt>
      <trkpt lat="1.3708566695075535" lon="103.76305594887103">
        <ele>20.0</ele>
      </trkpt>
      <trkpt lat="1.370941206205716" lon="103.763024116657">
        <ele>20.0</ele>
      </trkpt>
      <trkpt lat="1.371026505563047" lon="103.76299426325816">
        <ele>20.0</ele>
      </trkpt>
      <trkpt lat="1.3711118049198325" lon="103.76296440985708">
        <ele>20.0</ele>
      </trkpt>
      <trkpt lat="1.3711971042760724" lon="103.76293455645374">
        <ele>20.0</ele>
      </trkpt>
      <trkpt lat="1.3712828502385919" lon="103.76290603559855">
        <ele>20.0</ele>
      </trkpt>
      <trkpt lat="1.3713691332824312" lon="103.76287911724376">
        <ele>20.0</ele>
      </trkpt>
      <trkpt lat="1.3714554163258037" lon="103.7628521988869">
        <ele>19.999999999999996</ele>
      </trkpt>
      <trkpt lat="1.371542213470657" lon="103.76282703909929">
        <ele>20.0</ele>
      </trkpt>
      <trkpt lat="1.3716295837591927" lon="103.76280383984455">
        <ele>20.0</ele>
      </trkpt>
      <trkpt lat="1.3717169540473508" lon="103.76278064058799">
        <ele>20.0</ele>
      </trkpt>
      <trkpt lat="1.371804324335131" lon="103.76275744132958">
        <ele>20.0</ele>
      </trkpt>
      <trkpt lat="1.3718916946225328" lon="103.76273424206936">
        <ele>20.0</ele>
      </trkpt>
      <trkpt lat="1.37197936415148" lon="103.76271227093395">
        <ele>20.0</ele>
      </trkpt>
      <trkpt lat="1.3720677392199823" lon="103.76269319542165">
        <ele>20.0</ele>
      </trkpt>
      <trkpt lat="1.372156114288193" lon="103.7626741199078">
        <ele>20.0</ele>
      </trkpt>
      <trkpt lat="1.3722444893561123" lon="103.76265504439239">
        <ele>20.0</ele>
      </trkpt>
      <trkpt lat="1.37233286442374" lon="103.76263596887541">
        <ele>20.0</ele>
      </trkpt>
      <trkpt lat="1.3724212394910755" lon="103.76261689335689">
        <ele>20.0</ele>
      </trkpt>
      <trkpt lat="1.3725096145581202" lon="103.76259781783679">
        <ele>20.0</ele>
      </trkpt>
      <trkpt lat="1.3725979896248728" lon="103.76257874231516">
        <ele>20.0</ele>
      </trkpt>
      <trkpt lat="1.372686364691333" lon="103.76255966679194">
        <ele>20.0</ele>
      </trkpt>
      <trkpt lat="1.372774739757502" lon="103.76254059126718">
        <ele>20.0</ele>
      </trkpt>
      <trkpt lat="1.372863114823379" lon="103.76252151574084">
        <ele>20.0</ele>
      </trkpt>
      <trkpt lat="1.372951489888964" lon="103.76250244021296">
        <ele>20.0</ele>
      </trkpt>
      <trkpt lat="1.3730398649542574" lon="103.76248336468352">
        <ele>20.0</ele>
      </trkpt>
      <trkpt lat="1.3731282400192584" lon="103.7624642891525">
        <ele>20.0</ele>
      </trkpt>
      <trkpt lat="1.3732166369176046" lon="103.76244531404402">
        <ele>20.0</ele>
      </trkpt>
      <trkpt lat="1.3733050563840519" lon="103.76242644273759">
        <ele>20.0</ele>
      </trkpt>
      <trkpt lat="1.3733934758502118" lon="103.76240757142963">
        <ele>20.0</ele>
      </trkpt>
      <trkpt lat="1.3734818953160832" lon="103.76238870012011">
        <ele>20.0</ele>
      </trkpt>
      <trkpt lat="1.3735703147816667" lon="103.76236982880906">
        <ele>20.0</ele>
      </trkpt>
      <trkpt lat="1.373658734246962" lon="103.76235095749644">
        <ele>20.0</ele>
      </trkpt>
      <trkpt lat="1.3737471537119685" lon="103.76233208618227">
        <ele>20.0</ele>
      </trkpt>
      <trkpt lat="1.3738355731766871" lon="103.76231321486657">
        <ele>20.0</ele>
      </trkpt>
      <trkpt lat="1.373923990602138" lon="103.76229433413965">
        <ele>20.0</ele>
      </trkpt>
      <trkpt lat="1.3740123919858744" lon="103.76227537938183">
        <ele>20.0</ele>
      </trkpt>
      <trkpt lat="1.3741007933693208" lon="103.76225642462245">
        <ele>20.0</ele>
      </trkpt>
      <trkpt lat="1.3741891947524771" lon="103.7622374698615">
        <ele>20.0</ele>
      </trkpt>
      <trkpt lat="1.374277596135343" lon="103.76221851509901">
        <ele>20.0</ele>
      </trkpt>
      <trkpt lat="1.3743659975179194" lon="103.76219956033496">
        <ele>20.0</ele>
      </trkpt>
      <trkpt lat="1.3744543989002056" lon="103.76218060556937">
        <ele>20.0</ele>
      </trkpt>
      <trkpt lat="1.3745417654575285" lon="103.762157430088">
        <ele>20.0</ele>
      </trkpt>
      <trkpt lat="1.374629036226181" lon="103.76213386391542">
        <ele>20.0</ele>
      </trkpt>
      <trkpt lat="1.3747160108236642" lon="103.76210926234364">
        <ele>20.0</ele>
      </trkpt>
      <trkpt lat="1.3748027107049399" lon="103.76208370037808">
        <ele>20.0</ele>
      </trkpt>
      <trkpt lat="1.3748894105857803" lon="103.76205813841055">
        <ele>20.0</ele>
      </trkpt>
      <trkpt lat="1.3749761104661853" lon="103.76203257644103">
        <ele>20.0</ele>
      </trkpt>
      <trkpt lat="1.3750628103461549" lon="103.76200701446949">
        <ele>20.0</ele>
      </trkpt>
      <trkpt lat="1.3751484279867379" lon="103.76197814546006">
        <ele>20.0</ele>
      </trkpt>
      <trkpt lat="1.3752336784778987" lon="103.76194815453853">
        <ele>20.0</ele>
      </trkpt>
      <trkpt lat="1.3753189289685073" lon="103.76191816361474">
        <ele>20.0</ele>
      </trkpt>
      <trkpt lat="1.3754041794585634" lon="103.76188817268869">
        <ele>20.0</ele>
      </trkpt>
      <trkpt lat="1.375489429948068" lon="103.76185818176037">
        <ele>20.0</ele>
      </trkpt>
      <trkpt lat="1.375574680437019" lon="103.76182819082976">
        <ele>20.0</ele>
      </trkpt>
      <trkpt lat="1.3756595200538653" lon="103.76179707157507">
        <ele>20.0</ele>
      </trkpt>
      <trkpt lat="1.375744347976603" lon="103.76176592020568">
        <ele>20.0</ele>
      </trkpt>
      <trkpt lat="1.3758275157433248" lon="103.7617309301887">
        <ele>20.0</ele>
      </trkpt>
      <trkpt lat="1.3759086440072568" lon="103.76169122439092">
        <ele>20.0</ele>
      </trkpt>
      <trkpt lat="1.3759897722703267" lon="103.76165151859034">
        <ele>20.0</ele>
      </trkpt>
      <trkpt lat="1.3760709005325344" lon="103.76161181278698">
        <ele>20.0</ele>
      </trkpt>
      <trkpt lat="1.3761517693327907" lon="103.76157159053908">
        <ele>20.0</ele>
      </trkpt>
      <trkpt lat="1.3762324690399914" lon="103.76153103172054">
        <ele>20.0</ele>
      </trkpt>
      <trkpt lat="1.3763131687462995" lon="103.76149047289914">
        <ele>20.0</ele>
      </trkpt>
      <trkpt lat="1.3763938684517145" lon="103.76144991407493">
        <ele>20.0</ele>
      </trkpt>
      <trkpt lat="1.3764745681562367" lon="103.76140935524788">
        <ele>20.0</ele>
      </trkpt>
      <trkpt lat="1.3765552678598654" lon="103.761368796418">
        <ele>20.0</ele>
      </trkpt>
      <trkpt lat="1.3766359675626008" lon="103.76132823758529">
        <ele>20.0</ele>
      </trkpt>
      <trkpt lat="1.3767166672644424" lon="103.76128767874974">
        <ele>20.0</ele>
      </trkpt>
      <trkpt lat="1.376797366965391" lon="103.76124711991137">
        <ele>20.0</ele>
      </trkpt>
      <trkpt lat="1.376878085216374" lon="103.76120659757204">
        <ele>20.0</ele>
      </trkpt>
      <trkpt lat="1.376958841092303" lon="103.76116614926468">
        <ele>20.0</ele>
      </trkpt>
      <trkpt lat="1.3770395969673415" lon="103.76112570095448">
        <ele>20.0</ele>
      </trkpt>
      <trkpt lat="1.3771203528414901" lon="103.76108525264145">
        <ele>20.0</ele>
      </trkpt>
      <trkpt lat="1.3772011087147482" lon="103.76104480432562">
        <ele>20.000000000000004</ele>
      </trkpt>
      <trkpt lat="1.377281864587116" lon="103.76100435600692">
        <ele>20.0</ele>
      </trkpt>
      <trkpt lat="1.3773626204585936" lon="103.76096390768542">
        <ele>20.0</ele>
      </trkpt>
      <trkpt lat="1.3774433763291807" lon="103.76092345936108">
        <ele>20.0</ele>
      </trkpt>
      <trkpt lat="1.3775241321988767" lon="103.76088301103391">
        <ele>20.0</ele>
      </trkpt>
      <trkpt lat="1.3776048880676819" lon="103.7608425627039">
        <ele>20.0</ele>
      </trkpt>
      <trkpt lat="1.3776856439355962" lon="103.76080211437107">
        <ele>20.0</ele>
      </trkpt>
      <trkpt lat="1.3777663998026195" lon="103.76076166603542">
        <ele>20.0</ele>
      </trkpt>
      <trkpt lat="1.3778471556687508" lon="103.76072121769693">
        <ele>20.0</ele>
      </trkpt>
      <trkpt lat="1.377927911533991" lon="103.7606807693556">
        <ele>20.0</ele>
      </trkpt>
      <trkpt lat="1.3780086673983403" lon="103.76064032101145">
        <ele>20.0</ele>
      </trkpt>
      <trkpt lat="1.3780894232617975" lon="103.76059987266446">
        <ele>20.0</ele>
      </trkpt>
      <trkpt lat="1.378170179124363" lon="103.76055942431465">
        <ele>20.0</ele>
      </trkpt>
      <trkpt lat="1.3782509349860366" lon="103.76051897596199">
        <ele>20.0</ele>
      </trkpt>
      <trkpt lat="1.3783316908468182" lon="103.76047852760652">
        <ele>20.0</ele>
      </trkpt>
      <trkpt lat="1.378412446706708" lon="103.7604380792482">
        <ele>19.999999999999996</ele>
      </trkpt>
      <trkpt lat="1.378493202565705" lon="103.76039763088706">
        <ele>20.0</ele>
      </trkpt>
      <trkpt lat="1.37857395842381" lon="103.76035718252307">
        <ele>20.0</ele>
      </trkpt>
      <trkpt lat="1.3786547142810224" lon="103.76031673415626">
        <ele>20.0</ele>
      </trkpt>
      <trkpt lat="1.3787354701373422" lon="103.76027628578662">
        <ele>20.0</ele>
      </trkpt>
      <trkpt lat="1.3788162259927692" lon="103.76023583741414">
        <ele>20.0</ele>
      </trkpt>
      <trkpt lat="1.3788969818473036" lon="103.76019538903883">
        <ele>20.0</ele>
      </trkpt>
      <trkpt lat="1.3789777377009445" lon="103.76015494066068">
        <ele>20.0</ele>
      </trkpt>
      <trkpt lat="1.3790584935536923" lon="103.7601144922797">
        <ele>20.0</ele>
      </trkpt>
      <trkpt lat="1.379139249405547" lon="103.76007404389588">
        <ele>20.0</ele>
      </trkpt>
      <trkpt lat="1.3792200052565085" lon="103.76003359550923">
        <ele>20.0</ele>
      </trkpt>
      <trkpt lat="1.379285462797682" lon="103.76000080962316">
        <ele>20.0</ele>
      </trkpt>
    </trkseg>
  </trk>
</gpx>